Unique_Id,Trail_Name,Source,Distance,Elevation_Gain,Highest_Point,Difficulty,Est_Hike_Duration,Trail_Type,Rating,Area,State,Country,Latitude,Longitude,Review_Count,Url,Cover_Photo,Parsed_Date
87d58e086cdf,Papakolea Green Sand Beach,AllTrails,5.6,321.0,127,3,116.0,Out & Back,4.5,,Hawaii,Hawaii,18.92155,-155.67303,3401,https://www.alltrails.com/trail/hawaii/hawaii/papakolea-green-sand-beach,https://images.alltrails.com/eyJidWNrZXQiOiJhc3NldHMuYWxsdHJhaWxzLmNvbSIsImtleSI6InVwbG9hZHMvcGhvdG8vaW1hZ2UvNzIzOTI1MTYvNzA1OGEwNjdhYmFiODY0OTk1MmY1MmIwMWY1YTA5NDAuanBnIiwiZWRpdHMiOnsidG9Gb3JtYXQiOiJ3ZWJwIiwicmVzaXplIjp7IndpZHRoIjoxMDgwLCJoZWlnaHQiOjcwMCwiZml0IjoiY292ZXIifSwicm90YXRlIjpudWxsLCJqcGVnIjp7InRyZWxsaXNRdWFudGlzYXRpb24iOnRydWUsIm92ZXJzaG9vdERlcmluZ2luZyI6dHJ1ZSwib3B0aW1pc2VTY2FucyI6dHJ1ZSwicXVhbnRpc2F0aW9uVGFibGUiOjN9fX0=,2024-04-03
f16a2a366bf7,South Point,AllTrails,0.5,21.0,42,1,10.0,Out & Back,4.4,,Hawaii,Hawaii,18.91462,-155.68257,253,https://www.alltrails.com/trail/hawaii/hawaii/south-point,https://images.alltrails.com/eyJidWNrZXQiOiJhc3NldHMuYWxsdHJhaWxzLmNvbSIsImtleSI6InVwbG9hZHMvcGhvdG8vaW1hZ2UvNDM3MjY4NzkvZmFiZTZlMDhkZjdkOTU0NjlhNTI2MjY1ZDllNGY1OTkuanBnIiwiZWRpdHMiOnsidG9Gb3JtYXQiOiJ3ZWJwIiwicmVzaXplIjp7IndpZHRoIjoxMDgwLCJoZWlnaHQiOjcwMCwiZml0IjoiY292ZXIifSwicm90YXRlIjpudWxsLCJqcGVnIjp7InRyZWxsaXNRdWFudGlzYXRpb24iOnRydWUsIm92ZXJzaG9vdERlcmluZ2luZyI6dHJ1ZSwib3B0aW1pc2VTY2FucyI6dHJ1ZSwicXVhbnRpc2F0aW9uVGFibGUiOjN9fX0=,2024-04-03
b0686d258426,Pu’u o Lokuana Loop,AllTrails,1.5,179.0,2293,1,36.0,Loop,4.5,Hawai'i Volcanoes National Park,Hawaii,Hawaii,19.06516,-155.67845,111,https://www.alltrails.com/trail/hawaii/hawaii/pu-u-o-lokuana-loop,https://images.alltrails.com/eyJidWNrZXQiOiJhc3NldHMuYWxsdHJhaWxzLmNvbSIsImtleSI6InVwbG9hZHMvcGhvdG8vaW1hZ2UvNDE0MjY4NjcvNTU1NTUyN2ExYmQ1YzA3ZmZmN2MzM2RlN2JmNDAwMTIuanBnIiwiZWRpdHMiOnsidG9Gb3JtYXQiOiJ3ZWJwIiwicmVzaXplIjp7IndpZHRoIjoxMDgwLCJoZWlnaHQiOjcwMCwiZml0IjoiY292ZXIifSwicm90YXRlIjpudWxsLCJqcGVnIjp7InRyZWxsaXNRdWFudGlzYXRpb24iOnRydWUsIm92ZXJzaG9vdERlcmluZ2luZyI6dHJ1ZSwib3B0aW1pc2VTY2FucyI6dHJ1ZSwicXVhbnRpc2F0aW9uVGFibGUiOjN9fX0=,2024-04-03
faec649b1b09,Pit Crater,AllTrails,4.8,1150.0,4120,3,155.0,Out & Back,4.6,Hawai'i Volcanoes National Park,Hawaii,Hawaii,19.10187,-155.6909,78,https://www.alltrails.com/trail/hawaii/hawaii/pit-crater,https://images.alltrails.com/eyJidWNrZXQiOiJhc3NldHMuYWxsdHJhaWxzLmNvbSIsImtleSI6InVwbG9hZHMvcGhvdG8vaW1hZ2UvNDMzMTU2OTQvYmE5YWFlMWU5NjIzZDlhYWIyNThlM2Q5ZWJjZjk2OGIuanBnIiwiZWRpdHMiOnsidG9Gb3JtYXQiOiJ3ZWJwIiwicmVzaXplIjp7IndpZHRoIjoxMDgwLCJoZWlnaHQiOjcwMCwiZml0IjoiY292ZXIifSwicm90YXRlIjpudWxsLCJqcGVnIjp7InRyZWxsaXNRdWFudGlzYXRpb24iOnRydWUsIm92ZXJzaG9vdERlcmluZ2luZyI6dHJ1ZSwib3B0aW1pc2VTY2FucyI6dHJ1ZSwicXVhbnRpc2F0aW9uVGFibGUiOjN9fX0=,2024-04-03
d93bb73e944a,Palm Trail,AllTrails,2.7,373.0,2847,1,70.0,Loop,4.3,Hawai'i Volcanoes National Park,Hawaii,Hawaii,19.08609,-155.68402,67,https://www.alltrails.com/trail/hawaii/hawaii/palm-trail,https://images.alltrails.com/eyJidWNrZXQiOiJhc3NldHMuYWxsdHJhaWxzLmNvbSIsImtleSI6InVwbG9hZHMvcGhvdG8vaW1hZ2UvNDYyNDM2MjUvZmM2NWY5ODdmYTk3MGQxZjk4MDM5MjVhZWI4NzRmOTYuanBnIiwiZWRpdHMiOnsidG9Gb3JtYXQiOiJ3ZWJwIiwicmVzaXplIjp7IndpZHRoIjoxMDgwLCJoZWlnaHQiOjcwMCwiZml0IjoiY292ZXIifSwicm90YXRlIjpudWxsLCJqcGVnIjp7InRyZWxsaXNRdWFudGlzYXRpb24iOnRydWUsIm92ZXJzaG9vdERlcmluZ2luZyI6dHJ1ZSwib3B0aW1pc2VTY2FucyI6dHJ1ZSwicXVhbnRpc2F0aW9uVGFibGUiOjN9fX0=,2024-04-03
335fb7136af5,Manuka Nature Trail,AllTrails,2.2,353.0,2181,3,59.0,Loop,3.7,Manukā State Wayside,Hawaii,Hawaii,19.10969,-155.82548,82,https://www.alltrails.com/trail/hawaii/hawaii/manuka-nature-trail,https://images.alltrails.com/eyJidWNrZXQiOiJhc3NldHMuYWxsdHJhaWxzLmNvbSIsImtleSI6InVwbG9hZHMvcGhvdG8vaW1hZ2UvNTUxNTA5OTIvM2E3MDVmZmNmMmZkNTFmNGViM2JkYjUxODJjYTBiN2YuanBnIiwiZWRpdHMiOnsidG9Gb3JtYXQiOiJ3ZWJwIiwicmVzaXplIjp7IndpZHRoIjoxMDgwLCJoZWlnaHQiOjcwMCwiZml0IjoiY292ZXIifSwicm90YXRlIjpudWxsLCJqcGVnIjp7InRyZWxsaXNRdWFudGlzYXRpb24iOnRydWUsIm92ZXJzaG9vdERlcmluZ2luZyI6dHJ1ZSwib3B0aW1pc2VTY2FucyI6dHJ1ZSwicXVhbnRpc2F0aW9uVGFibGUiOjN9fX0=,2024-04-03
6eb79967e2b7,Kamakapa'a Trail,AllTrails,0.6,59.0,2339,1,14.0,Loop,4.5,Hawai'i Volcanoes National Park,Hawaii,Hawaii,19.07152,-155.67922,28,https://www.alltrails.com/trail/hawaii/hawaii/kamakapa-a-trail,https://images.alltrails.com/eyJidWNrZXQiOiJhc3NldHMuYWxsdHJhaWxzLmNvbSIsImtleSI6InVwbG9hZHMvcGhvdG8vaW1hZ2UvNDcxNjkyMjUvZTBiMzVkMDRkNTc0OGRmZmEzNmYxNDM5MzE2NjFkOWMuanBnIiwiZWRpdHMiOnsidG9Gb3JtYXQiOiJ3ZWJwIiwicmVzaXplIjp7IndpZHRoIjoxMDgwLCJoZWlnaHQiOjcwMCwiZml0IjoiY292ZXIifSwicm90YXRlIjpudWxsLCJqcGVnIjp7InRyZWxsaXNRdWFudGlzYXRpb24iOnRydWUsIm92ZXJzaG9vdERlcmluZ2luZyI6dHJ1ZSwib3B0aW1pc2VTY2FucyI6dHJ1ZSwicXVhbnRpc2F0aW9uVGFibGUiOjN9fX0=,2024-04-03
a1a2b5c81003,Kāheawai Trail,AllTrails,13.6,1984.0,1971,7,358.0,Out & Back,4.0,Manukā State Wayside,Hawaii,Hawaii,19.09789,-155.80669,14,https://www.alltrails.com/trail/hawaii/hawaii/kaheawai-trail,https://images.alltrails.com/eyJidWNrZXQiOiJhc3NldHMuYWxsdHJhaWxzLmNvbSIsImtleSI6InVwbG9hZHMvcGhvdG8vaW1hZ2UvMzI0ODkwMDIvMWZlYzQxZjhkZDYwYjcwOWZjNDk2ZmU5MDJiYzI2ZjcuanBnIiwiZWRpdHMiOnsidG9Gb3JtYXQiOiJ3ZWJwIiwicmVzaXplIjp7IndpZHRoIjoxMDgwLCJoZWlnaHQiOjcwMCwiZml0IjoiY292ZXIifSwicm90YXRlIjpudWxsLCJqcGVnIjp7InRyZWxsaXNRdWFudGlzYXRpb24iOnRydWUsIm92ZXJzaG9vdERlcmluZ2luZyI6dHJ1ZSwib3B0aW1pc2VTY2FucyI6dHJ1ZSwicXVhbnRpc2F0aW9uVGFibGUiOjN9fX0=,2024-04-03
8f35196093b4,Pu'uloa Petroglyphs Trail,AllTrails,1.2,35.0,177,1,23.0,Out & Back,4.4,Hawai'i Volcanoes National Park,Hawaii,Hawaii,19.28898,-155.12998,811,https://www.alltrails.com/trail/hawaii/hawaii/puu-loa-petroglyphs-trail,https://images.alltrails.com/eyJidWNrZXQiOiJhc3NldHMuYWxsdHJhaWxzLmNvbSIsImtleSI6InVwbG9hZHMvcGhvdG8vaW1hZ2UvNjY0MDkyOTUvZjFlYzJiYTk4M2NiYzI0MGFjNjU0MmNjZTczODdkNzcuanBnIiwiZWRpdHMiOnsidG9Gb3JtYXQiOiJ3ZWJwIiwicmVzaXplIjp7IndpZHRoIjoxMDgwLCJoZWlnaHQiOjcwMCwiZml0IjoiY292ZXIifSwicm90YXRlIjpudWxsLCJqcGVnIjp7InRyZWxsaXNRdWFudGlzYXRpb24iOnRydWUsIm92ZXJzaG9vdERlcmluZ2luZyI6dHJ1ZSwib3B0aW1pc2VTY2FucyI6dHJ1ZSwicXVhbnRpc2F0aW9uVGFibGUiOjN9fX0=,2024-04-03
f8516235a354,Apua Point via Puna Kau Trail,AllTrails,10.6,416.0,160,3,206.0,Out & Back,4.5,Hawai'i Volcanoes National Park,Hawaii,Hawaii,19.28889,-155.13008,112,https://www.alltrails.com/trail/hawaii/hawaii/apua-point-via-puna-kau-trail,https://images.alltrails.com/eyJidWNrZXQiOiJhc3NldHMuYWxsdHJhaWxzLmNvbSIsImtleSI6InVwbG9hZHMvcGhvdG8vaW1hZ2UvNTg2MjgxNzAvZWQ5MWY4NWRiNzE2OTAyNDg2ZDEzZWI0NTNhY2JjNzQuanBnIiwiZWRpdHMiOnsidG9Gb3JtYXQiOiJ3ZWJwIiwicmVzaXplIjp7IndpZHRoIjoxMDgwLCJoZWlnaHQiOjcwMCwiZml0IjoiY292ZXIifSwicm90YXRlIjpudWxsLCJqcGVnIjp7InRyZWxsaXNRdWFudGlzYXRpb24iOnRydWUsIm92ZXJzaG9vdERlcmluZ2luZyI6dHJ1ZSwib3B0aW1pc2VTY2FucyI6dHJ1ZSwicXVhbnRpc2F0aW9uVGFibGUiOjN9fX0=,2024-04-03
3a1a7b5e30ac,Holei Sea Arch Viewpoint Trail,AllTrails,0.4,19.0,19,1,8.0,Out & Back,4.3,Hawai'i Volcanoes National Park,Hawaii,Hawaii,19.29516,-155.09839,193,https://www.alltrails.com/trail/hawaii/hawaii/holei-sea-arch-viewpoint-trail,https://images.alltrails.com/eyJidWNrZXQiOiJhc3NldHMuYWxsdHJhaWxzLmNvbSIsImtleSI6InVwbG9hZHMvcGhvdG8vaW1hZ2UvNDYwNDIzODAvMGI3YTRkYjE4ZWY3M2JkNTk2ZWQzY2IxMTdkMjhmODcuanBnIiwiZWRpdHMiOnsidG9Gb3JtYXQiOiJ3ZWJwIiwicmVzaXplIjp7IndpZHRoIjoxMDgwLCJoZWlnaHQiOjcwMCwiZml0IjoiY292ZXIifSwicm90YXRlIjpudWxsLCJqcGVnIjp7InRyZWxsaXNRdWFudGlzYXRpb24iOnRydWUsIm92ZXJzaG9vdERlcmluZ2luZyI6dHJ1ZSwib3B0aW1pc2VTY2FucyI6dHJ1ZSwicXVhbnRpc2F0aW9uVGFibGUiOjN9fX0=,2024-04-03
00e3ed3fa967,Punalu'u Bay Trail,AllTrails,5.8,403.0,52,3,,Out & Back,3.7,,Hawaii,Hawaii,19.13643,-155.5034,54,https://www.alltrails.com/trail/hawaii/hawaii/punaluu-bay,https://images.alltrails.com/eyJidWNrZXQiOiJhc3NldHMuYWxsdHJhaWxzLmNvbSIsImtleSI6InVwbG9hZHMvcGhvdG8vaW1hZ2UvNjkzOTM3NjQvYzQ1MzdlODNiMTEzMDkwN2ViMzBhNzVkMDNjY2YwOWMuanBnIiwiZWRpdHMiOnsidG9Gb3JtYXQiOiJ3ZWJwIiwicmVzaXplIjp7IndpZHRoIjoxMDgwLCJoZWlnaHQiOjcwMCwiZml0IjoiY292ZXIifSwicm90YXRlIjpudWxsLCJqcGVnIjp7InRyZWxsaXNRdWFudGlzYXRpb24iOnRydWUsIm92ZXJzaG9vdERlcmluZ2luZyI6dHJ1ZSwib3B0aW1pc2VTY2FucyI6dHJ1ZSwicXVhbnRpc2F0aW9uVGFibGUiOjN9fX0=,2024-04-03
e8a484c9ef87,Kawa'a Beach Trail,AllTrails,1.0,42.0,72,1,20.0,Out & Back,4.5,,Hawaii,Hawaii,19.11541,-155.53157,51,https://www.alltrails.com/trail/us/hawaii/kawa-a-beach-trail,https://images.alltrails.com/eyJidWNrZXQiOiJhc3NldHMuYWxsdHJhaWxzLmNvbSIsImtleSI6InVwbG9hZHMvcGhvdG8vaW1hZ2UvNDM4ODEzMTIvYWI2YTlhNzEzNDFmYWMwNGVlMzA0ZDE4NGEyNmRmMmEuanBnIiwiZWRpdHMiOnsidG9Gb3JtYXQiOiJ3ZWJwIiwicmVzaXplIjp7IndpZHRoIjoxMDgwLCJoZWlnaHQiOjcwMCwiZml0IjoiY292ZXIifSwicm90YXRlIjpudWxsLCJqcGVnIjp7InRyZWxsaXNRdWFudGlzYXRpb24iOnRydWUsIm92ZXJzaG9vdERlcmluZ2luZyI6dHJ1ZSwib3B0aW1pc2VTY2FucyI6dHJ1ZSwicXVhbnRpc2F0aW9uVGFibGUiOjN9fX0=,2024-04-03
59cd2da46367,Puna Kau Trail,AllTrails,18.5,777.0,160,5,363.0,Out & Back,4.8,Hawai'i Volcanoes National Park,Hawaii,Hawaii,19.28884,-155.13006,54,https://www.alltrails.com/trail/hawaii/hawaii/puna-kau-trail,https://images.alltrails.com/eyJidWNrZXQiOiJhc3NldHMuYWxsdHJhaWxzLmNvbSIsImtleSI6InVwbG9hZHMvcGhvdG8vaW1hZ2UvNDU3OTMzNzAvZGU4MjE5N2Y0MzVhOTBmMjVlNGI4NmM4NGU2OGY2MjUuanBnIiwiZWRpdHMiOnsidG9Gb3JtYXQiOiJ3ZWJwIiwicmVzaXplIjp7IndpZHRoIjoxMDgwLCJoZWlnaHQiOjcwMCwiZml0IjoiY292ZXIifSwicm90YXRlIjpudWxsLCJqcGVnIjp7InRyZWxsaXNRdWFudGlzYXRpb24iOnRydWUsIm92ZXJzaG9vdERlcmluZ2luZyI6dHJ1ZSwib3B0aW1pc2VTY2FucyI6dHJ1ZSwicXVhbnRpc2F0aW9uVGFibGUiOjN9fX0=,2024-04-03
0ec74038ae44,Kahuku Forest Trail,AllTrails,3.5,377.0,4343,3,84.0,Loop,4.7,Hawai'i Volcanoes National Park,Hawaii,Hawaii,19.12768,-155.6979,28,https://www.alltrails.com/trail/hawaii/hawaii/kahuku-forest-trail,https://images.alltrails.com/eyJidWNrZXQiOiJhc3NldHMuYWxsdHJhaWxzLmNvbSIsImtleSI6InVwbG9hZHMvcGhvdG8vaW1hZ2UvNDg5MjkzOTAvZGVkMGI5NWQ3YzNjNjVlOGNiZjYyOWFlMTZlZTRhNjguanBnIiwiZWRpdHMiOnsidG9Gb3JtYXQiOiJ3ZWJwIiwicmVzaXplIjp7IndpZHRoIjoxMDgwLCJoZWlnaHQiOjcwMCwiZml0IjoiY292ZXIifSwicm90YXRlIjpudWxsLCJqcGVnIjp7InRyZWxsaXNRdWFudGlzYXRpb24iOnRydWUsIm92ZXJzaG9vdERlcmluZ2luZyI6dHJ1ZSwib3B0aW1pc2VTY2FucyI6dHJ1ZSwicXVhbnRpc2F0aW9uVGFibGUiOjN9fX0=,2024-04-03
7293e9d7bb06,End of Chain of Craters Road Trail to Lava Viewing,AllTrails,10.3,373.0,173,3,199.0,Out & Back,3.9,Hawai'i Volcanoes National Park,Hawaii,Hawaii,19.29555,-155.09752,71,https://www.alltrails.com/trail/hawaii/hawaii/end-of-chain-of-craters-road-trail-to-lava-viewing,https://images.alltrails.com/eyJidWNrZXQiOiJhc3NldHMuYWxsdHJhaWxzLmNvbSIsImtleSI6InVwbG9hZHMvcGhvdG8vaW1hZ2UvNjc2Mzk1ODMvOGRlYzcwNjQ0YmEzNTFiMWQyNzM1ODU3ODExYzlkOTUuanBnIiwiZWRpdHMiOnsidG9Gb3JtYXQiOiJ3ZWJwIiwicmVzaXplIjp7IndpZHRoIjoxMDgwLCJoZWlnaHQiOjcwMCwiZml0IjoiY292ZXIifSwicm90YXRlIjpudWxsLCJqcGVnIjp7InRyZWxsaXNRdWFudGlzYXRpb24iOnRydWUsIm92ZXJzaG9vdERlcmluZ2luZyI6dHJ1ZSwib3B0aW1pc2VTY2FucyI6dHJ1ZSwicXVhbnRpc2F0aW9uVGFibGUiOjN9fX0=,2024-04-03
3359f79440f8,Hilina Pali Trail,AllTrails,11.1,2217.0,2293,5,331.0,Out & Back,3.9,Hawai'i Volcanoes National Park,Hawaii,Hawaii,19.29557,-155.30695,23,https://www.alltrails.com/trail/hawaii/hawaii/hilina-pali-trail,https://images.alltrails.com/eyJidWNrZXQiOiJhc3NldHMuYWxsdHJhaWxzLmNvbSIsImtleSI6InVwbG9hZHMvcGhvdG8vaW1hZ2UvMzMxMDgzNzQvNmY4ZjM2NDE1Y2Y5YTMzZjA4YWU5MjU2YzM1ZDg1MjEuanBnIiwiZWRpdHMiOnsidG9Gb3JtYXQiOiJ3ZWJwIiwicmVzaXplIjp7IndpZHRoIjoxMDgwLCJoZWlnaHQiOjcwMCwiZml0IjoiY292ZXIifSwicm90YXRlIjpudWxsLCJqcGVnIjp7InRyZWxsaXNRdWFudGlzYXRpb24iOnRydWUsIm92ZXJzaG9vdERlcmluZ2luZyI6dHJ1ZSwib3B0aW1pc2VTY2FucyI6dHJ1ZSwicXVhbnRpc2F0aW9uVGFibGUiOjN9fX0=,2024-04-03
f23a6ab6e644,Hilina Pali and Halapé,AllTrails,19.9,3195.0,2303,5,543.0,Out & Back,4.2,Hawai'i Volcanoes National Park,Hawaii,Hawaii,19.29562,-155.30728,14,https://www.alltrails.com/trail/hawaii/hawaii/hilina-pali-and-halape,https://images.alltrails.com/eyJidWNrZXQiOiJhc3NldHMuYWxsdHJhaWxzLmNvbSIsImtleSI6InVwbG9hZHMvcGhvdG8vaW1hZ2UvMzIwMzY1MTYvNDQ5ZGRhYWMxNjg3MjFlNzIxYTFkN2Q2NGM3YWZkZDYuanBnIiwiZWRpdHMiOnsidG9Gb3JtYXQiOiJ3ZWJwIiwicmVzaXplIjp7IndpZHRoIjoxMDgwLCJoZWlnaHQiOjcwMCwiZml0IjoiY292ZXIifSwicm90YXRlIjpudWxsLCJqcGVnIjp7InRyZWxsaXNRdWFudGlzYXRpb24iOnRydWUsIm92ZXJzaG9vdERlcmluZ2luZyI6dHJ1ZSwib3B0aW1pc2VTY2FucyI6dHJ1ZSwicXVhbnRpc2F0aW9uVGFibGUiOjN9fX0=,2024-04-03
3ee4915cc5f0,The Great Crack,AllTrails,5.0,390.0,1751,3,110.0,Out & Back,3.4,Hawai'i Volcanoes National Park,Hawaii,Hawaii,19.25753,-155.44019,17,https://www.alltrails.com/trail/hawaii/hawaii/the-great-crack,https://images.alltrails.com/eyJidWNrZXQiOiJhc3NldHMuYWxsdHJhaWxzLmNvbSIsImtleSI6InVwbG9hZHMvcGhvdG8vaW1hZ2UvNzAzNzc0OTQvNjdiZmE2MTIxNzlkOThmNzkzMjUxNWM2ZGE2NjE3YWEuanBnIiwiZWRpdHMiOnsidG9Gb3JtYXQiOiJ3ZWJwIiwicmVzaXplIjp7IndpZHRoIjoxMDgwLCJoZWlnaHQiOjcwMCwiZml0IjoiY292ZXIifSwicm90YXRlIjpudWxsLCJqcGVnIjp7InRyZWxsaXNRdWFudGlzYXRpb24iOnRydWUsIm92ZXJzaG9vdERlcmluZ2luZyI6dHJ1ZSwib3B0aW1pc2VTY2FucyI6dHJ1ZSwicXVhbnRpc2F0aW9uVGFibGUiOjN9fX0=,2024-04-03
63faf9c38bf3,Ka'aha Trail to Ka'aha Campsite and Hilina Pali Trail Loop,AllTrails,8.8,2372.0,2299,5,302.0,Loop,3.3,Hawai'i Volcanoes National Park,Hawaii,Hawaii,19.29574,-155.30697,9,https://www.alltrails.com/trail/hawaii/hawaii/ka-aha-trail-to-ka-aha-campsite-and-hilina-pali-trail-loop,https://images.alltrails.com/eyJidWNrZXQiOiJhc3NldHMuYWxsdHJhaWxzLmNvbSIsImtleSI6InVwbG9hZHMvcGhvdG8vaW1hZ2UvNDU3MzU4NDQvOGY3ZTEyZTNjMmNjOWJjZGE5MmQwMWVhZTFiNzdiNDkuanBnIiwiZWRpdHMiOnsidG9Gb3JtYXQiOiJ3ZWJwIiwicmVzaXplIjp7IndpZHRoIjoxMDgwLCJoZWlnaHQiOjcwMCwiZml0IjoiY292ZXIifSwicm90YXRlIjpudWxsLCJqcGVnIjp7InRyZWxsaXNRdWFudGlzYXRpb24iOnRydWUsIm92ZXJzaG9vdERlcmluZ2luZyI6dHJ1ZSwib3B0aW1pc2VTY2FucyI6dHJ1ZSwicXVhbnRpc2F0aW9uVGFibGUiOjN9fX0=,2024-04-03
780c2716e9da,Ka'u Desert Trail,AllTrails,13.8,2099.0,3090,5,344.0,Point-to-Point,3.5,Hawai'i Volcanoes National Park,Hawaii,Hawaii,19.29582,-155.30694,4,https://www.alltrails.com/trail/hawaii/hawaii/ka-u-desert-trail,https://images.alltrails.com/eyJidWNrZXQiOiJhc3NldHMuYWxsdHJhaWxzLmNvbSIsImtleSI6InVwbG9hZHMvcGhvdG8vaW1hZ2UvNTY4Mzc5MDAvYzQ5M2I1MDc4ZjNlMDEwYzMyMDMxN2Q0NTllZWIxYjEuanBnIiwiZWRpdHMiOnsidG9Gb3JtYXQiOiJ3ZWJwIiwicmVzaXplIjp7IndpZHRoIjoxMDgwLCJoZWlnaHQiOjcwMCwiZml0IjoiY292ZXIifSwicm90YXRlIjpudWxsLCJqcGVnIjp7InRyZWxsaXNRdWFudGlzYXRpb24iOnRydWUsIm92ZXJzaG9vdERlcmluZ2luZyI6dHJ1ZSwib3B0aW1pc2VTY2FucyI6dHJ1ZSwicXVhbnRpc2F0aW9uVGFibGUiOjN9fX0=,2024-04-03
8f79157864dc,Kona Trail,AllTrails,2.9,182.0,4035,3,61.0,Out & Back,3.6,Hawai'i Volcanoes National Park,Hawaii,Hawaii,19.12553,-155.69722,7,https://www.alltrails.com/trail/hawaii/hawaii/kona-trail,,2024-04-03
af17bc7f657a,Puna Kau Trail to Hilina Pali Trail,AllTrails,16.5,2893.0,2290,7,397.0,Point-to-Point,5.0,Hawai'i Volcanoes National Park,Hawaii,Hawaii,19.28865,-155.12973,2,https://www.alltrails.com/trail/hawaii/hawaii/puna-kau-trail-to-hilina-pali-trail,https://images.alltrails.com/eyJidWNrZXQiOiJhc3NldHMuYWxsdHJhaWxzLmNvbSIsImtleSI6InVwbG9hZHMvcGhvdG8vaW1hZ2UvMzIwMzY1NDQvY2VkZDRiYjJlMTkyYTk0ODNhODk0MTdkNmEzZjZkMTQuanBnIiwiZWRpdHMiOnsidG9Gb3JtYXQiOiJ3ZWJwIiwicmVzaXplIjp7IndpZHRoIjoxMDgwLCJoZWlnaHQiOjcwMCwiZml0IjoiY292ZXIifSwicm90YXRlIjpudWxsLCJqcGVnIjp7InRyZWxsaXNRdWFudGlzYXRpb24iOnRydWUsIm92ZXJzaG9vdERlcmluZ2luZyI6dHJ1ZSwib3B0aW1pc2VTY2FucyI6dHJ1ZSwicXVhbnRpc2F0aW9uVGFibGUiOjN9fX0=,2024-04-03
e8ee2c730580,Old Hawaiian Trail,AllTrails,13.5,1829.0,7611,5,347.0,Out & Back,0.0,Hawai'i Volcanoes National Park,Hawaii,Hawaii,19.26154,-155.6146,0,https://www.alltrails.com/trail/hawaii/hawaii/old-hawaiian-trail,,2024-04-03
cdf8f1760268,Kīlauea Iki & Crater Rim Trail,AllTrails,3.2,580.0,3956,3,,Loop,4.8,Hawai'i Volcanoes National Park,Hawaii,Hawaii,19.41646,-155.24295,8859,https://www.alltrails.com/trail/hawaii/hawaii/kilauea-iki-trail-and-crater-rim-trail,https://images.alltrails.com/eyJidWNrZXQiOiJhc3NldHMuYWxsdHJhaWxzLmNvbSIsImtleSI6InVwbG9hZHMvcGhvdG8vaW1hZ2UvNTIxODgxMjkvM2U2YTU1YTEwMThhNDNiOGEzMTg3ZmNiNmNjM2ViNGIuanBnIiwiZWRpdHMiOnsidG9Gb3JtYXQiOiJ3ZWJwIiwicmVzaXplIjp7IndpZHRoIjoxMDgwLCJoZWlnaHQiOjcwMCwiZml0IjoiY292ZXIifSwicm90YXRlIjpudWxsLCJqcGVnIjp7InRyZWxsaXNRdWFudGlzYXRpb24iOnRydWUsIm92ZXJzaG9vdERlcmluZ2luZyI6dHJ1ZSwib3B0aW1pc2VTY2FucyI6dHJ1ZSwicXVhbnRpc2F0aW9uVGFibGUiOjN9fX0=,2024-04-03
45eca93e548d,Ka'Awaloa - Captain Cook Monument Trail,AllTrails,3.7,1272.0,1318,5,145.0,Out & Back,4.6,Kealakekua Bay State Historical Park,Hawaii,Hawaii,19.49218,-155.918,2864,https://www.alltrails.com/trail/hawaii/hawaii/ka-awaloa-captain-cook-monument-trail,https://images.alltrails.com/eyJidWNrZXQiOiJhc3NldHMuYWxsdHJhaWxzLmNvbSIsImtleSI6InVwbG9hZHMvcGhvdG8vaW1hZ2UvNTQ4NjE1OTAvMTRhOWZmODc3YTMwZmVhMTYxNDBiODBkMmIyMGQ0NjcuanBnIiwiZWRpdHMiOnsidG9Gb3JtYXQiOiJ3ZWJwIiwicmVzaXplIjp7IndpZHRoIjoxMDgwLCJoZWlnaHQiOjcwMCwiZml0IjoiY292ZXIifSwicm90YXRlIjpudWxsLCJqcGVnIjp7InRyZWxsaXNRdWFudGlzYXRpb24iOnRydWUsIm92ZXJzaG9vdERlcmluZ2luZyI6dHJ1ZSwib3B0aW1pc2VTY2FucyI6dHJ1ZSwicXVhbnRpc2F0aW9uVGFibGUiOjN9fX0=,2024-04-03
35474faae4be,Thurston Lava Tube Trail,AllTrails,0.4,62.0,4002,1,10.0,Loop,4.6,Hawai'i Volcanoes National Park,Hawaii,Hawaii,19.41357,-155.2389,2009,https://www.alltrails.com/trail/hawaii/hawaii/thurston-lava-tube-trail,https://images.alltrails.com/eyJidWNrZXQiOiJhc3NldHMuYWxsdHJhaWxzLmNvbSIsImtleSI6InVwbG9hZHMvcGhvdG8vaW1hZ2UvNjgyNzAyMjYvM2M1YjhiNTAyODQ5OGRkZTE5MGFmYjZmNDg3ZGU5NjcuanBnIiwiZWRpdHMiOnsidG9Gb3JtYXQiOiJ3ZWJwIiwicmVzaXplIjp7IndpZHRoIjoxMDgwLCJoZWlnaHQiOjcwMCwiZml0IjoiY292ZXIifSwicm90YXRlIjpudWxsLCJqcGVnIjp7InRyZWxsaXNRdWFudGlzYXRpb24iOnRydWUsIm92ZXJzaG9vdERlcmluZ2luZyI6dHJ1ZSwib3B0aW1pc2VTY2FucyI6dHJ1ZSwicXVhbnRpc2F0aW9uVGFibGUiOjN9fX0=,2024-04-03
fd68a0ca56ab,Halema’uma’u Steam Bluff and Sulfur Banks,AllTrails,1.4,90.0,4019,1,30.0,Loop,4.6,Hawai'i Volcanoes National Park,Hawaii,Hawaii,19.42968,-155.25826,1584,https://www.alltrails.com/trail/hawaii/hawaii/halemaumau-steam-bluff-and-sulfur-banks,https://images.alltrails.com/eyJidWNrZXQiOiJhc3NldHMuYWxsdHJhaWxzLmNvbSIsImtleSI6InVwbG9hZHMvcGhvdG8vaW1hZ2UvMzgyMjU3ODYvNDhkOTMxN2UxYmYwMDkxNGNiNzgwNDA0YmRiMzk0MmQuanBnIiwiZWRpdHMiOnsidG9Gb3JtYXQiOiJ3ZWJwIiwicmVzaXplIjp7IndpZHRoIjoxMDgwLCJoZWlnaHQiOjcwMCwiZml0IjoiY292ZXIifSwicm90YXRlIjpudWxsLCJqcGVnIjp7InRyZWxsaXNRdWFudGlzYXRpb24iOnRydWUsIm92ZXJzaG9vdERlcmluZ2luZyI6dHJ1ZSwib3B0aW1pc2VTY2FucyI6dHJ1ZSwicXVhbnRpc2F0aW9uVGFibGUiOjN9fX0=,2024-04-03
849f6a0688bd,Kilauea Craters Trail,AllTrails,4.8,894.0,3956,3,139.0,Loop,4.8,Hawai'i Volcanoes National Park,Hawaii,Hawaii,19.41355,-155.23882,631,https://www.alltrails.com/trail/hawaii/hawaii/kilauea-craters-trail,https://images.alltrails.com/eyJidWNrZXQiOiJhc3NldHMuYWxsdHJhaWxzLmNvbSIsImtleSI6InVwbG9hZHMvcGhvdG8vaW1hZ2UvMjQ3NDk3MDEvNTk1YmIwN2VjM2E0ZDdhZTUyZjcyNTkzMTZkYjY2MzIuanBnIiwiZWRpdHMiOnsidG9Gb3JtYXQiOiJ3ZWJwIiwicmVzaXplIjp7IndpZHRoIjoxMDgwLCJoZWlnaHQiOjcwMCwiZml0IjoiY292ZXIifSwicm90YXRlIjpudWxsLCJqcGVnIjp7InRyZWxsaXNRdWFudGlzYXRpb24iOnRydWUsIm92ZXJzaG9vdERlcmluZ2luZyI6dHJ1ZSwib3B0aW1pc2VTY2FucyI6dHJ1ZSwicXVhbnRpc2F0aW9uVGFibGUiOjN9fX0=,2024-04-03
bb7d07ea56e1,Uēaloha Byron Ledge and Halema'uma'u Loop,AllTrails,3.7,629.0,4009,3,103.0,Loop,4.8,Hawai'i Volcanoes National Park,Hawaii,Hawaii,19.42954,-155.25742,560,https://www.alltrails.com/trail/hawaii/hawaii/byron-ledge-halemaumau-loop,https://images.alltrails.com/eyJidWNrZXQiOiJhc3NldHMuYWxsdHJhaWxzLmNvbSIsImtleSI6InVwbG9hZHMvcGhvdG8vaW1hZ2UvNTA0OTM5NTAvZTkwMjdhYjBiZmM5NzAxNjI4YjFkZjJkNzIxODgwMWMuanBnIiwiZWRpdHMiOnsidG9Gb3JtYXQiOiJ3ZWJwIiwicmVzaXplIjp7IndpZHRoIjoxMDgwLCJoZWlnaHQiOjcwMCwiZml0IjoiY292ZXIifSwicm90YXRlIjpudWxsLCJqcGVnIjp7InRyZWxsaXNRdWFudGlzYXRpb24iOnRydWUsIm92ZXJzaG9vdERlcmluZ2luZyI6dHJ1ZSwib3B0aW1pc2VTY2FucyI6dHJ1ZSwicXVhbnRpc2F0aW9uVGFibGUiOjN9fX0=,2024-04-03
31bd1fece532,Halema'uma'u Trail,AllTrails,1.6,501.0,4005,3,59.0,Out & Back,4.7,Hawai'i Volcanoes National Park,Hawaii,Hawaii,19.42975,-155.25884,464,https://www.alltrails.com/trail/hawaii/hawaii/halemaumau-trail,https://images.alltrails.com/eyJidWNrZXQiOiJhc3NldHMuYWxsdHJhaWxzLmNvbSIsImtleSI6InVwbG9hZHMvcGhvdG8vaW1hZ2UvNTUwMDYwNzIvYWZlMTI0ZDc0MjBmOWNmY2ViYTM5Y2UyY2IyZTFhMjkuanBnIiwiZWRpdHMiOnsidG9Gb3JtYXQiOiJ3ZWJwIiwicmVzaXplIjp7IndpZHRoIjoxMDgwLCJoZWlnaHQiOjcwMCwiZml0IjoiY292ZXIifSwicm90YXRlIjpudWxsLCJqcGVnIjp7InRyZWxsaXNRdWFudGlzYXRpb24iOnRydWUsIm92ZXJzaG9vdERlcmluZ2luZyI6dHJ1ZSwib3B0aW1pc2VTY2FucyI6dHJ1ZSwicXVhbnRpc2F0aW9uVGFibGUiOjN9fX0=,2024-04-03
329826aea1fe,Crater Rim Trail: East from Jaggar Museum,AllTrails,2.7,291.0,4107,3,64.0,Out & Back,4.6,Hawai'i Volcanoes National Park,Hawaii,Hawaii,19.42021,-155.28874,523,https://www.alltrails.com/trail/hawaii/hawaii/crater-rim-trail-east-from-jaggar-museum,https://images.alltrails.com/eyJidWNrZXQiOiJhc3NldHMuYWxsdHJhaWxzLmNvbSIsImtleSI6InVwbG9hZHMvcGhvdG8vaW1hZ2UvNDIzOTY2NzAvNWFhMzg4NTY5YzU2Y2JmZjBiOGZmMTVkYmVmYWRkOGUuanBnIiwiZWRpdHMiOnsidG9Gb3JtYXQiOiJ3ZWJwIiwicmVzaXplIjp7IndpZHRoIjoxMDgwLCJoZWlnaHQiOjcwMCwiZml0IjoiY292ZXIifSwicm90YXRlIjpudWxsLCJqcGVnIjp7InRyZWxsaXNRdWFudGlzYXRpb24iOnRydWUsIm92ZXJzaG9vdERlcmluZ2luZyI6dHJ1ZSwib3B0aW1pc2VTY2FucyI6dHJ1ZSwicXVhbnRpc2F0aW9uVGFibGUiOjN9fX0=,2024-04-03
5d08992a1f45,Byron Ledge Trail from Devastation Trailhead,AllTrails,1.9,246.0,3763,3,48.0,Out & Back,4.5,Hawai'i Volcanoes National Park,Hawaii,Hawaii,19.40639,-155.25295,377,https://www.alltrails.com/trail/hawaii/hawaii/byron-ledge-trail-from-devastation-trailhead,https://images.alltrails.com/eyJidWNrZXQiOiJhc3NldHMuYWxsdHJhaWxzLmNvbSIsImtleSI6InVwbG9hZHMvcGhvdG8vaW1hZ2UvMjQ2MDc5NDUvOWUxNTE1OTU4ODhiMDA2ODJmNzIzZDJmYTY4MWUyOGUuanBnIiwiZWRpdHMiOnsidG9Gb3JtYXQiOiJ3ZWJwIiwicmVzaXplIjp7IndpZHRoIjoxMDgwLCJoZWlnaHQiOjcwMCwiZml0IjoiY292ZXIifSwicm90YXRlIjpudWxsLCJqcGVnIjp7InRyZWxsaXNRdWFudGlzYXRpb24iOnRydWUsIm92ZXJzaG9vdERlcmluZ2luZyI6dHJ1ZSwib3B0aW1pc2VTY2FucyI6dHJ1ZSwicXVhbnRpc2F0aW9uVGFibGUiOjN9fX0=,2024-04-03
f2ba1994f309,Place of Refuge (Puuhonua o Honaunau) Trail,AllTrails,1.5,44.0,52,1,28.0,Loop,4.5,Puʻuhonua o Hōnaunau National Historical Park,Hawaii,Hawaii,19.42144,-155.91006,528,https://www.alltrails.com/trail/hawaii/hawaii/place-of-refuge-puuhonua-o-honaunau-trail,https://images.alltrails.com/eyJidWNrZXQiOiJhc3NldHMuYWxsdHJhaWxzLmNvbSIsImtleSI6InVwbG9hZHMvcGhvdG8vaW1hZ2UvNDg2MjgyOTIvMmQwYWQ0ZTBkZDRjODBmZDQxMzNhYmIxOGYxNDY4ZjEuanBnIiwiZWRpdHMiOnsidG9Gb3JtYXQiOiJ3ZWJwIiwicmVzaXplIjp7IndpZHRoIjoxMDgwLCJoZWlnaHQiOjcwMCwiZml0IjoiY292ZXIifSwicm90YXRlIjpudWxsLCJqcGVnIjp7InRyZWxsaXNRdWFudGlzYXRpb24iOnRydWUsIm92ZXJzaG9vdERlcmluZ2luZyI6dHJ1ZSwib3B0aW1pc2VTY2FucyI6dHJ1ZSwicXVhbnRpc2F0aW9uVGFibGUiOjN9fX0=,2024-04-03
cd6bfe17e88c,Pu'u Huluhulu via Napau Crater Trail,AllTrails,2.5,308.0,3379,3,62.0,Out & Back,4.5,Hawai'i Volcanoes National Park,Hawaii,Hawaii,19.36522,-155.21617,549,https://www.alltrails.com/trail/hawaii/hawaii/puu-huluhulu-via-napau-crater-trail,https://images.alltrails.com/eyJidWNrZXQiOiJhc3NldHMuYWxsdHJhaWxzLmNvbSIsImtleSI6InVwbG9hZHMvcGhvdG8vaW1hZ2UvNjQyNDQzNjcvNzY1YWMyNTY1ODdiNzIwYTc0ZmZlYTkxOWNlNWUzNDEuanBnIiwiZWRpdHMiOnsidG9Gb3JtYXQiOiJ3ZWJwIiwicmVzaXplIjp7IndpZHRoIjoxMDgwLCJoZWlnaHQiOjcwMCwiZml0IjoiY292ZXIifSwicm90YXRlIjpudWxsLCJqcGVnIjp7InRyZWxsaXNRdWFudGlzYXRpb24iOnRydWUsIm92ZXJzaG9vdERlcmluZ2luZyI6dHJ1ZSwib3B0aW1pc2VTY2FucyI6dHJ1ZSwicXVhbnRpc2F0aW9uVGFibGUiOjN9fX0=,2024-04-03
04394f4024a4,Kilauea Overlook,AllTrails,0.1,3.0,4064,1,2.0,Out & Back,4.5,Hawai'i Volcanoes National Park,Hawaii,Hawaii,19.4238,-155.2847,224,https://www.alltrails.com/trail/hawaii/hawaii/kilauea-overlook,https://images.alltrails.com/eyJidWNrZXQiOiJhc3NldHMuYWxsdHJhaWxzLmNvbSIsImtleSI6InVwbG9hZHMvcGhvdG8vaW1hZ2UvNDIzOTY2ODIvNDM2NWUyYzk5ZDliN2FkMTg1MGViNDBhYzE5Y2UwNDUuanBnIiwiZWRpdHMiOnsidG9Gb3JtYXQiOiJ3ZWJwIiwicmVzaXplIjp7IndpZHRoIjoxMDgwLCJoZWlnaHQiOjcwMCwiZml0IjoiY292ZXIifSwicm90YXRlIjpudWxsLCJqcGVnIjp7InRyZWxsaXNRdWFudGlzYXRpb24iOnRydWUsIm92ZXJzaG9vdERlcmluZ2luZyI6dHJ1ZSwib3B0aW1pc2VTY2FucyI6dHJ1ZSwicXVhbnRpc2F0aW9uVGFibGUiOjN9fX0=,2024-04-03
97290c705180,Kīpukapuaulu Trail,AllTrails,1.1,173.0,4137,1,29.0,Loop,4.5,Hawai'i Volcanoes National Park,Hawaii,Hawaii,19.43745,-155.30321,368,https://www.alltrails.com/trail/hawaii/hawaii/kipukapuaulu-trail,https://images.alltrails.com/eyJidWNrZXQiOiJhc3NldHMuYWxsdHJhaWxzLmNvbSIsImtleSI6InVwbG9hZHMvcGhvdG8vaW1hZ2UvNzE5NzE3MDAvNmQzMDI3MjYwZGQ2ZjExNjBjYTI0NmRiZDNiNjUyNTMuanBnIiwiZWRpdHMiOnsidG9Gb3JtYXQiOiJ3ZWJwIiwicmVzaXplIjp7IndpZHRoIjoxMDgwLCJoZWlnaHQiOjcwMCwiZml0IjoiY292ZXIifSwicm90YXRlIjpudWxsLCJqcGVnIjp7InRyZWxsaXNRdWFudGlzYXRpb24iOnRydWUsIm92ZXJzaG9vdERlcmluZ2luZyI6dHJ1ZSwib3B0aW1pc2VTY2FucyI6dHJ1ZSwicXVhbnRpc2F0aW9uVGFibGUiOjN9fX0=,2024-04-03
964b0f80252e,Napau Crater via Napau Trail,AllTrails,11.8,1292.0,3382,5,283.0,Out & Back,4.6,Hawai'i Volcanoes National Park,Hawaii,Hawaii,19.36522,-155.21615,243,https://www.alltrails.com/trail/hawaii/hawaii/napau-crater-via-napau-trail,https://images.alltrails.com/eyJidWNrZXQiOiJhc3NldHMuYWxsdHJhaWxzLmNvbSIsImtleSI6InVwbG9hZHMvcGhvdG8vaW1hZ2UvMjA0MjAyMzMvYjllMWVjY2MxZTI3MmNiM2MwMjNkNTJlMGNkZGY2MmYuanBnIiwiZWRpdHMiOnsidG9Gb3JtYXQiOiJ3ZWJwIiwicmVzaXplIjp7IndpZHRoIjoxMDgwLCJoZWlnaHQiOjcwMCwiZml0IjoiY292ZXIifSwicm90YXRlIjpudWxsLCJqcGVnIjp7InRyZWxsaXNRdWFudGlzYXRpb24iOnRydWUsIm92ZXJzaG9vdERlcmluZ2luZyI6dHJ1ZSwib3B0aW1pc2VTY2FucyI6dHJ1ZSwicXVhbnRpc2F0aW9uVGFibGUiOjN9fX0=,2024-04-03
46758195627a,Mauna Ulu Eruption Trail,AllTrails,0.6,29.0,3244,1,12.0,Loop,4.4,Hawai'i Volcanoes National Park,Hawaii,Hawaii,19.36525,-155.21625,155,https://www.alltrails.com/trail/hawaii/hawaii/mauna-ulu-eruption-trail,https://images.alltrails.com/eyJidWNrZXQiOiJhc3NldHMuYWxsdHJhaWxzLmNvbSIsImtleSI6InVwbG9hZHMvcGhvdG8vaW1hZ2UvMTEzOTcwMzgvNzJmNDc4ZTE1MDMwY2U3ZTJkYWIyNjJjMjQ0NjJhMzYuanBnIiwiZWRpdHMiOnsidG9Gb3JtYXQiOiJ3ZWJwIiwicmVzaXplIjp7IndpZHRoIjoxMDgwLCJoZWlnaHQiOjcwMCwiZml0IjoiY292ZXIifSwicm90YXRlIjpudWxsLCJqcGVnIjp7InRyZWxsaXNRdWFudGlzYXRpb24iOnRydWUsIm92ZXJzaG9vdERlcmluZ2luZyI6dHJ1ZSwib3B0aW1pc2VTY2FucyI6dHJ1ZSwicXVhbnRpc2F0aW9uVGFibGUiOjN9fX0=,2024-04-03
da2594bd13dd,Kau Desert Footprints Trail,AllTrails,3.9,623.0,3090,1,107.0,Out & Back,4.4,Hawai'i Volcanoes National Park,Hawaii,Hawaii,19.36888,-155.36747,141,https://www.alltrails.com/trail/hawaii/hawaii/kau-desert-footprints-trail,https://images.alltrails.com/eyJidWNrZXQiOiJhc3NldHMuYWxsdHJhaWxzLmNvbSIsImtleSI6InVwbG9hZHMvcGhvdG8vaW1hZ2UvNzIwMDg5MDAvYzEyODdjNDgzYzJhNjg1Yjc2M2FkMzZiMDkzODU5MzIuanBnIiwiZWRpdHMiOnsidG9Gb3JtYXQiOiJ3ZWJwIiwicmVzaXplIjp7IndpZHRoIjoxMDgwLCJoZWlnaHQiOjcwMCwiZml0IjoiY292ZXIifSwicm90YXRlIjpudWxsLCJqcGVnIjp7InRyZWxsaXNRdWFudGlzYXRpb24iOnRydWUsIm92ZXJzaG9vdERlcmluZ2luZyI6dHJ1ZSwib3B0aW1pc2VTY2FucyI6dHJ1ZSwicXVhbnRpc2F0aW9uVGFibGUiOjN9fX0=,2024-04-03
f5aaac6da42f,Iliahi (Sandalwood) Trail,AllTrails,1.4,187.0,4002,3,36.0,Loop,4.3,Hawai'i Volcanoes National Park,Hawaii,Hawaii,19.42941,-155.25728,93,https://www.alltrails.com/trail/hawaii/hawaii/iliahi-trail,https://images.alltrails.com/eyJidWNrZXQiOiJhc3NldHMuYWxsdHJhaWxzLmNvbSIsImtleSI6InVwbG9hZHMvcGhvdG8vaW1hZ2UvMTkwNjc2OTYvMGIwODZkOWQyYWZkODg0ZjFhYzU4ZWRhODhjYzFjNjIuanBnIiwiZWRpdHMiOnsidG9Gb3JtYXQiOiJ3ZWJwIiwicmVzaXplIjp7IndpZHRoIjoxMDgwLCJoZWlnaHQiOjcwMCwiZml0IjoiY292ZXIifSwicm90YXRlIjpudWxsLCJqcGVnIjp7InRyZWxsaXNRdWFudGlzYXRpb24iOnRydWUsIm92ZXJzaG9vdERlcmluZ2luZyI6dHJ1ZSwib3B0aW1pc2VTY2FucyI6dHJ1ZSwicXVhbnRpc2F0aW9uVGFibGUiOjN9fX0=,2024-04-03
f860c51dc25b,Puoa Point Trail,AllTrails,2.2,147.0,147,1,47.0,Out & Back,4.4,,Hawaii,Hawaii,19.31396,-155.88766,101,https://www.alltrails.com/trail/us/hawaii/puoa-point-trail,https://images.alltrails.com/eyJidWNrZXQiOiJhc3NldHMuYWxsdHJhaWxzLmNvbSIsImtleSI6InVwbG9hZHMvcGhvdG8vaW1hZ2UvNjYxNjI4MzgvZWRlY2FkNDQ0Mzk3NWM1N2Q4YjhlMzA2ODg1MmQ4ZGEuanBnIiwiZWRpdHMiOnsidG9Gb3JtYXQiOiJ3ZWJwIiwicmVzaXplIjp7IndpZHRoIjoxMDgwLCJoZWlnaHQiOjcwMCwiZml0IjoiY292ZXIifSwicm90YXRlIjpudWxsLCJqcGVnIjp7InRyZWxsaXNRdWFudGlzYXRpb24iOnRydWUsIm92ZXJzaG9vdERlcmluZ2luZyI6dHJ1ZSwib3B0aW1pc2VTY2FucyI6dHJ1ZSwicXVhbnRpc2F0aW9uVGFibGUiOjN9fX0=,2024-04-03
34248ffc1a7e,Keauhou Trail,AllTrails,15.2,2772.0,2713,5,436.0,Out & Back,4.5,Hawai'i Volcanoes National Park,Hawaii,Hawaii,19.33679,-155.20378,109,https://www.alltrails.com/trail/hawaii/hawaii/keauhou-trail,https://images.alltrails.com/eyJidWNrZXQiOiJhc3NldHMuYWxsdHJhaWxzLmNvbSIsImtleSI6InVwbG9hZHMvcGhvdG8vaW1hZ2UvNzE1MTkyNzUvOGQyNjZkN2U0NTMzYTFiZDFiMjMzYWFmNmMzMzI1MjUuanBnIiwiZWRpdHMiOnsidG9Gb3JtYXQiOiJ3ZWJwIiwicmVzaXplIjp7IndpZHRoIjoxMDgwLCJoZWlnaHQiOjcwMCwiZml0IjoiY292ZXIifSwicm90YXRlIjpudWxsLCJqcGVnIjp7InRyZWxsaXNRdWFudGlzYXRpb24iOnRydWUsIm92ZXJzaG9vdERlcmluZ2luZyI6dHJ1ZSwib3B0aW1pc2VTY2FucyI6dHJ1ZSwicXVhbnRpc2F0aW9uVGFibGUiOjN9fX0=,2024-04-03
1ed762ea88fa,Nāulu Trail,AllTrails,6.3,861.0,2880,3,162.0,Out & Back,4.4,Hawai'i Volcanoes National Park,Hawaii,Hawaii,19.31753,-155.16243,104,https://www.alltrails.com/trail/hawaii/hawaii/naulu-trail,https://images.alltrails.com/eyJidWNrZXQiOiJhc3NldHMuYWxsdHJhaWxzLmNvbSIsImtleSI6InVwbG9hZHMvcGhvdG8vaW1hZ2UvNDEwNTQzMTcvNjU4ODYxNDg1ZWQyOGVlZjgyMTM3ZTQ2NDNkYjA4MjEuanBnIiwiZWRpdHMiOnsidG9Gb3JtYXQiOiJ3ZWJwIiwicmVzaXplIjp7IndpZHRoIjoxMDgwLCJoZWlnaHQiOjcwMCwiZml0IjoiY292ZXIifSwicm90YXRlIjpudWxsLCJqcGVnIjp7InRyZWxsaXNRdWFudGlzYXRpb24iOnRydWUsIm92ZXJzaG9vdERlcmluZ2luZyI6dHJ1ZSwib3B0aW1pc2VTY2FucyI6dHJ1ZSwicXVhbnRpc2F0aW9uVGFibGUiOjN9fX0=,2024-04-03
2d6844e94bbc,Mauna Loa Trail to Red Hill,AllTrails,13.9,3417.0,10068,5,,Out & Back,4.4,Hawai'i Volcanoes National Park,Hawaii,Hawaii,19.49266,-155.38535,67,https://www.alltrails.com/trail/hawaii/hawaii/mauna-loa-trail-to-red-hill,https://images.alltrails.com/eyJidWNrZXQiOiJhc3NldHMuYWxsdHJhaWxzLmNvbSIsImtleSI6InVwbG9hZHMvcGhvdG8vaW1hZ2UvNTQxOTA3MDAvYjU2OTVkMTAwZWQ3ZmVlNTFhZWJmOTAxMGQ1ZDA0ZmIuanBnIiwiZWRpdHMiOnsidG9Gb3JtYXQiOiJ3ZWJwIiwicmVzaXplIjp7IndpZHRoIjoxMDgwLCJoZWlnaHQiOjcwMCwiZml0IjoiY292ZXIifSwicm90YXRlIjpudWxsLCJqcGVnIjp7InRyZWxsaXNRdWFudGlzYXRpb24iOnRydWUsIm92ZXJzaG9vdERlcmluZ2luZyI6dHJ1ZSwib3B0aW1pc2VTY2FucyI6dHJ1ZSwicXVhbnRpc2F0aW9uVGFibGUiOjN9fX0=,2024-04-03
095f2f364eec,Mauna Loa Lava Tree Molds,AllTrails,3.5,228.0,4140,3,74.0,Out & Back,3.8,Hawai'i Volcanoes National Park,Hawaii,Hawaii,19.43724,-155.30141,55,https://www.alltrails.com/trail/us/hawaii/mauna-loa-lava-tree-molds,https://images.alltrails.com/eyJidWNrZXQiOiJhc3NldHMuYWxsdHJhaWxzLmNvbSIsImtleSI6InVwbG9hZHMvcGhvdG8vaW1hZ2UvMjQ2MDI5OTYvYmNiNTAzMmZiMGMzYmExMjViNzY1MzY5YmRmNWIzYWEuanBnIiwiZWRpdHMiOnsidG9Gb3JtYXQiOiJ3ZWJwIiwicmVzaXplIjp7IndpZHRoIjoxMDgwLCJoZWlnaHQiOjcwMCwiZml0IjoiY292ZXIifSwicm90YXRlIjpudWxsLCJqcGVnIjp7InRyZWxsaXNRdWFudGlzYXRpb24iOnRydWUsIm92ZXJzaG9vdERlcmluZ2luZyI6dHJ1ZSwib3B0aW1pc2VTY2FucyI6dHJ1ZSwicXVhbnRpc2F0aW9uVGFibGUiOjN9fX0=,2024-04-03
4a9ad7834b41,Kauluoa Point Trail,AllTrails,2.4,160.0,127,1,51.0,Out & Back,4.1,,Hawaii,Hawaii,19.31388,-155.8877,45,https://www.alltrails.com/trail/us/hawaii/kauluoa-point-trail,https://images.alltrails.com/eyJidWNrZXQiOiJhc3NldHMuYWxsdHJhaWxzLmNvbSIsImtleSI6InVwbG9hZHMvcGhvdG8vaW1hZ2UvNTU0NjQ0NTQvMjY2ODE2Y2Q5MzAyNjIwNDY1NjBhMzc4NzNlMTNiZWMuanBnIiwiZWRpdHMiOnsidG9Gb3JtYXQiOiJ3ZWJwIiwicmVzaXplIjp7IndpZHRoIjoxMDgwLCJoZWlnaHQiOjcwMCwiZml0IjoiY292ZXIifSwicm90YXRlIjpudWxsLCJqcGVnIjp7InRyZWxsaXNRdWFudGlzYXRpb24iOnRydWUsIm92ZXJzaG9vdERlcmluZ2luZyI6dHJ1ZSwib3B0aW1pc2VTY2FucyI6dHJ1ZSwicXVhbnRpc2F0aW9uVGFibGUiOjN9fX0=,2024-04-03
4c0aa2ef8396,Mackenzie Lava Tube Loop,AllTrails,0.4,78.0,108,1,13.0,Loop,4.2,MacKenzie State Recreation Area,Hawaii,Hawaii,19.43896,-154.86366,31,https://www.alltrails.com/trail/hawaii/hawaii/mackenzie-lava-tube-loop,https://images.alltrails.com/eyJidWNrZXQiOiJhc3NldHMuYWxsdHJhaWxzLmNvbSIsImtleSI6InVwbG9hZHMvcGhvdG8vaW1hZ2UvMzQwMDg1NzcvYjg1Y2IwN2MyZmQ0N2MyNjdiNjFhNDZkNzFiYzdkYjMuanBnIiwiZWRpdHMiOnsidG9Gb3JtYXQiOiJ3ZWJwIiwicmVzaXplIjp7IndpZHRoIjoxMDgwLCJoZWlnaHQiOjcwMCwiZml0IjoiY292ZXIifSwicm90YXRlIjpudWxsLCJqcGVnIjp7InRyZWxsaXNRdWFudGlzYXRpb24iOnRydWUsIm92ZXJzaG9vdERlcmluZ2luZyI6dHJ1ZSwib3B0aW1pc2VTY2FucyI6dHJ1ZSwicXVhbnRpc2F0aW9uVGFibGUiOjN9fX0=,2024-04-03
129653df725b,Mauna Iki Trail to Kulanaokuaiki Campground,AllTrails,7.9,868.0,3225,3,186.0,Point-to-Point,4.6,Hawai'i Volcanoes National Park,Hawaii,Hawaii,19.36864,-155.36736,35,https://www.alltrails.com/trail/hawaii/hawaii/mauna-iki-trail-to-kulanaokuaiki-campground,https://images.alltrails.com/eyJidWNrZXQiOiJhc3NldHMuYWxsdHJhaWxzLmNvbSIsImtleSI6InVwbG9hZHMvcGhvdG8vaW1hZ2UvNDM3NDg1MTUvMzRmMTdjYjZhYTU2MzI1MjQ4OTNlZTNhMWE1OTM2YTAuanBnIiwiZWRpdHMiOnsidG9Gb3JtYXQiOiJ3ZWJwIiwicmVzaXplIjp7IndpZHRoIjoxMDgwLCJoZWlnaHQiOjcwMCwiZml0IjoiY292ZXIifSwicm90YXRlIjpudWxsLCJqcGVnIjp7InRyZWxsaXNRdWFudGlzYXRpb24iOnRydWUsIm92ZXJzaG9vdERlcmluZ2luZyI6dHJ1ZSwib3B0aW1pc2VTY2FucyI6dHJ1ZSwicXVhbnRpc2F0aW9uVGFibGUiOjN9fX0=,2024-04-03
003c5a0ad0cd,Hilina Pali Overlook,AllTrails,10.2,1098.0,3202,3,243.0,Out & Back,4.4,Hawai'i Volcanoes National Park,Hawaii,Hawaii,19.34378,-155.27402,29,https://www.alltrails.com/trail/hawaii/hawaii/hilina-pali-overlook,https://images.alltrails.com/eyJidWNrZXQiOiJhc3NldHMuYWxsdHJhaWxzLmNvbSIsImtleSI6InVwbG9hZHMvcGhvdG8vaW1hZ2UvNTQxMjQ3NTQvMDc4NGE2MTBlYWMzNTJlODhhMmYwZDc1NGMxYzk0NzMuanBnIiwiZWRpdHMiOnsidG9Gb3JtYXQiOiJ3ZWJwIiwicmVzaXplIjp7IndpZHRoIjoxMDgwLCJoZWlnaHQiOjcwMCwiZml0IjoiY292ZXIifSwicm90YXRlIjpudWxsLCJqcGVnIjp7InRyZWxsaXNRdWFudGlzYXRpb24iOnRydWUsIm92ZXJzaG9vdERlcmluZ2luZyI6dHJ1ZSwib3B0aW1pc2VTY2FucyI6dHJ1ZSwicXVhbnRpc2F0aW9uVGFibGUiOjN9fX0=,2024-04-03
16481a38e59b,Mauna Loa Trail,AllTrails,36.1,7139.0,13645,7,,Out & Back,4.7,Hawai'i Volcanoes National Park,Hawaii,Hawaii,19.49264,-155.3854,25,https://www.alltrails.com/trail/hawaii/hawaii/mauna-loa-trail,https://images.alltrails.com/eyJidWNrZXQiOiJhc3NldHMuYWxsdHJhaWxzLmNvbSIsImtleSI6InVwbG9hZHMvcGhvdG8vaW1hZ2UvNDMxNjkyNjcvMTNjMmM3ZmViMTFiOTFjNTc5YTkyNzkyNDgxNWViMjcuanBnIiwiZWRpdHMiOnsidG9Gb3JtYXQiOiJ3ZWJwIiwicmVzaXplIjp7IndpZHRoIjoxMDgwLCJoZWlnaHQiOjcwMCwiZml0IjoiY292ZXIifSwicm90YXRlIjpudWxsLCJqcGVnIjp7InRyZWxsaXNRdWFudGlzYXRpb24iOnRydWUsIm92ZXJzaG9vdERlcmluZ2luZyI6dHJ1ZSwib3B0aW1pc2VTY2FucyI6dHJ1ZSwicXVhbnRpc2F0aW9uVGFibGUiOjN9fX0=,2024-04-03
454527052ac3,Halewai via Ainapo Road and Trail,AllTrails,20.7,5242.0,7706,7,687.0,Out & Back,4.7,Kapāpala Forest Reserve,Hawaii,Hawaii,19.33722,-155.3949,17,https://www.alltrails.com/trail/hawaii/hawaii/halewai-via-ainapo-road-and-trail,https://images.alltrails.com/eyJidWNrZXQiOiJhc3NldHMuYWxsdHJhaWxzLmNvbSIsImtleSI6InVwbG9hZHMvcGhvdG8vaW1hZ2UvNDM1MDA1NTIvMDliNDg0N2NjZTJhN2U4N2NmOTFmMzA3Mjg5ZDk2MjYuanBnIiwiZWRpdHMiOnsidG9Gb3JtYXQiOiJ3ZWJwIiwicmVzaXplIjp7IndpZHRoIjoxMDgwLCJoZWlnaHQiOjcwMCwiZml0IjoiY292ZXIifSwicm90YXRlIjpudWxsLCJqcGVnIjp7InRyZWxsaXNRdWFudGlzYXRpb24iOnRydWUsIm92ZXJzaG9vdERlcmluZ2luZyI6dHJ1ZSwib3B0aW1pc2VTY2FucyI6dHJ1ZSwicXVhbnRpc2F0aW9uVGFibGUiOjN9fX0=,2024-04-03
f28f60531583,Kalapana Lava Viewing,AllTrails,9.3,610.0,479,3,197.0,Out & Back,4.6,Hawai'i Volcanoes National Park,Hawaii,Hawaii,19.35569,-154.98685,65,https://www.alltrails.com/trail/hawaii/hawaii/kalapana-lava-viewing-hike,https://images.alltrails.com/eyJidWNrZXQiOiJhc3NldHMuYWxsdHJhaWxzLmNvbSIsImtleSI6InVwbG9hZHMvcGhvdG8vaW1hZ2UvMTk4MTMwMDQvMWJhMzNmZjdlNjkxYTZlNzFlNzliOThjMTM2OTQ0NDkuanBnIiwiZWRpdHMiOnsidG9Gb3JtYXQiOiJ3ZWJwIiwicmVzaXplIjp7IndpZHRoIjoxMDgwLCJoZWlnaHQiOjcwMCwiZml0IjoiY292ZXIifSwicm90YXRlIjpudWxsLCJqcGVnIjp7InRyZWxsaXNRdWFudGlzYXRpb24iOnRydWUsIm92ZXJzaG9vdERlcmluZ2luZyI6dHJ1ZSwib3B0aW1pc2VTY2FucyI6dHJ1ZSwicXVhbnRpc2F0aW9uVGFibGUiOjN9fX0=,2024-04-03
81eb0a5f7396,End of Chain of Craters Road to Active Lava Flow,AllTrails,6.8,1509.0,1640,5,212.0,Out & Back,3.4,Hawai'i Volcanoes National Park,Hawaii,Hawaii,19.33504,-155.02078,21,https://www.alltrails.com/trail/hawaii/hawaii/end-of-chain-of-craters-road-to-active-lava-flow,https://images.alltrails.com/eyJidWNrZXQiOiJhc3NldHMuYWxsdHJhaWxzLmNvbSIsImtleSI6InVwbG9hZHMvcGhvdG8vaW1hZ2UvMjE0MjU3MjAvZTBiZDg1MjZkNjExNWQzYTUxOTM0ZmM2ZjJlMDI5ZjYuanBnIiwiZWRpdHMiOnsidG9Gb3JtYXQiOiJ3ZWJwIiwicmVzaXplIjp7IndpZHRoIjoxMDgwLCJoZWlnaHQiOjcwMCwiZml0IjoiY292ZXIifSwicm90YXRlIjpudWxsLCJqcGVnIjp7InRyZWxsaXNRdWFudGlzYXRpb24iOnRydWUsIm92ZXJzaG9vdERlcmluZ2luZyI6dHJ1ZSwib3B0aW1pc2VTY2FucyI6dHJ1ZSwicXVhbnRpc2F0aW9uVGFibGUiOjN9fX0=,2024-04-03
746b309fd19b,Puna Trail,AllTrails,5.2,318.0,104,3,109.0,Out & Back,4.5,,Hawaii,Hawaii,19.61599,-154.9576,825,https://www.alltrails.com/trail/hawaii/hawaii/puna-trail,https://images.alltrails.com/eyJidWNrZXQiOiJhc3NldHMuYWxsdHJhaWxzLmNvbSIsImtleSI6InVwbG9hZHMvcGhvdG8vaW1hZ2UvNjMxNzY1MTEvMjMwZjQ0YjViMDhjNmI5OWUwYzQyZjAxNjRjNmNlZWYuanBnIiwiZWRpdHMiOnsidG9Gb3JtYXQiOiJ3ZWJwIiwicmVzaXplIjp7IndpZHRoIjoxMDgwLCJoZWlnaHQiOjcwMCwiZml0IjoiY292ZXIifSwicm90YXRlIjpudWxsLCJqcGVnIjp7InRyZWxsaXNRdWFudGlzYXRpb24iOnRydWUsIm92ZXJzaG9vdERlcmluZ2luZyI6dHJ1ZSwib3B0aW1pc2VTY2FucyI6dHJ1ZSwicXVhbnRpc2F0aW9uVGFibGUiOjN9fX0=,2024-04-03
3304a5c3748b,Ala Kahakai National Historical Trail,AllTrails,2.9,65.0,19,1,53.0,Out & Back,4.3,Kaloko-Honokohau National Historical Park,Hawaii,Hawaii,19.67104,-156.02412,316,https://www.alltrails.com/trail/hawaii/hawaii/ala-kahakai-nationa-historical-trail,https://images.alltrails.com/eyJidWNrZXQiOiJhc3NldHMuYWxsdHJhaWxzLmNvbSIsImtleSI6InVwbG9hZHMvcGhvdG8vaW1hZ2UvMjQ4OTM3NjcvY2RmM2VjZjZiODA3MzE4NWExMTU0NzU1MWEzYzIxNGYuanBnIiwiZWRpdHMiOnsidG9Gb3JtYXQiOiJ3ZWJwIiwicmVzaXplIjp7IndpZHRoIjoxMDgwLCJoZWlnaHQiOjcwMCwiZml0IjoiY292ZXIifSwicm90YXRlIjpudWxsLCJqcGVnIjp7InRyZWxsaXNRdWFudGlzYXRpb24iOnRydWUsIm92ZXJzaG9vdERlcmluZ2luZyI6dHJ1ZSwib3B0aW1pc2VTY2FucyI6dHJ1ZSwicXVhbnRpc2F0aW9uVGFibGUiOjN9fX0=,2024-04-03
bee27d9a5701,"Ala Mauka Makai, Ala Kahakai, Ala Nui Kaloko and Māmalahoa Trail Loop ",AllTrails,3.4,118.0,39,1,65.0,Loop,4.4,Kaloko-Honokohau National Historical Park,Hawaii,Hawaii,19.67868,-156.02173,272,https://www.alltrails.com/trail/hawaii/hawaii/ala-mauka-makai-ala-kahakai-ala-nui-kaloko-and-mamalahoa-trail-loop,https://images.alltrails.com/eyJidWNrZXQiOiJhc3NldHMuYWxsdHJhaWxzLmNvbSIsImtleSI6InVwbG9hZHMvcGhvdG8vaW1hZ2UvNjAzNTcyMTUvZmRlMWQ5YTExYjYzNTQ1ZTFmNGU5NDQ1YzFiNWQwNjguanBnIiwiZWRpdHMiOnsidG9Gb3JtYXQiOiJ3ZWJwIiwicmVzaXplIjp7IndpZHRoIjoxMDgwLCJoZWlnaHQiOjcwMCwiZml0IjoiY292ZXIifSwicm90YXRlIjpudWxsLCJqcGVnIjp7InRyZWxsaXNRdWFudGlzYXRpb24iOnRydWUsIm92ZXJzaG9vdERlcmluZ2luZyI6dHJ1ZSwib3B0aW1pc2VTY2FucyI6dHJ1ZSwicXVhbnRpc2F0aW9uVGFibGUiOjN9fX0=,2024-04-03
c2e83f53603f,Ala Mauka Makai,AllTrails,1.5,44.0,32,1,28.0,Out & Back,4.3,Kaloko-Honokohau National Historical Park,Hawaii,Hawaii,19.67838,-156.02134,207,https://www.alltrails.com/trail/hawaii/hawaii/ala-mauka-makai,https://images.alltrails.com/eyJidWNrZXQiOiJhc3NldHMuYWxsdHJhaWxzLmNvbSIsImtleSI6InVwbG9hZHMvcGhvdG8vaW1hZ2UvMzk0Mjk1MDcvZDlmMzEzY2IwNGIwNzg3MWYzNDhkZmVkZmEyY2ZiYjcuanBnIiwiZWRpdHMiOnsidG9Gb3JtYXQiOiJ3ZWJwIiwicmVzaXplIjp7IndpZHRoIjoxMDgwLCJoZWlnaHQiOjcwMCwiZml0IjoiY292ZXIifSwicm90YXRlIjpudWxsLCJqcGVnIjp7InRyZWxsaXNRdWFudGlzYXRpb24iOnRydWUsIm92ZXJzaG9vdERlcmluZ2luZyI6dHJ1ZSwib3B0aW1pc2VTY2FucyI6dHJ1ZSwicXVhbnRpc2F0aW9uVGFibGUiOjN9fX0=,2024-04-03
061a60412d71,Ala Hu'ehu'e and Māmalahoa Loop ,AllTrails,3.1,87.0,42,1,58.0,Loop,4.1,Kaloko-Honokohau National Historical Park,Hawaii,Hawaii,19.67834,-156.02133,208,https://www.alltrails.com/trail/hawaii/hawaii/ala-huehue-and-mamalahoa-loop,https://images.alltrails.com/eyJidWNrZXQiOiJhc3NldHMuYWxsdHJhaWxzLmNvbSIsImtleSI6InVwbG9hZHMvcGhvdG8vaW1hZ2UvMzM0MDAwNDMvNTVhYzQzOGRhYTQxZTQ2YWI4ODY1ZjY5Mzc5MGVlZjMuanBnIiwiZWRpdHMiOnsidG9Gb3JtYXQiOiJ3ZWJwIiwicmVzaXplIjp7IndpZHRoIjoxMDgwLCJoZWlnaHQiOjcwMCwiZml0IjoiY292ZXIifSwicm90YXRlIjpudWxsLCJqcGVnIjp7InRyZWxsaXNRdWFudGlzYXRpb24iOnRydWUsIm92ZXJzaG9vdERlcmluZ2luZyI6dHJ1ZSwib3B0aW1pc2VTY2FucyI6dHJ1ZSwicXVhbnRpc2F0aW9uVGFibGUiOjN9fX0=,2024-04-03
a1751b3b256a,Pu'u O'o Loop,AllTrails,8.8,954.0,5925,3,211.0,Loop,4.6,Upper Waiākea Forest Reserve,Hawaii,Hawaii,19.67705,-155.38426,258,https://www.alltrails.com/trail/hawaii/hawaii/puu-oo-short-loop,https://images.alltrails.com/eyJidWNrZXQiOiJhc3NldHMuYWxsdHJhaWxzLmNvbSIsImtleSI6InVwbG9hZHMvcGhvdG8vaW1hZ2UvNTgzMTk2MzUvNDc2ZTI4ZjI0Y2UxZWRkYzM2YmU1MzI4NzI0NzczNDkuanBnIiwiZWRpdHMiOnsidG9Gb3JtYXQiOiJ3ZWJwIiwicmVzaXplIjp7IndpZHRoIjoxMDgwLCJoZWlnaHQiOjcwMCwiZml0IjoiY292ZXIifSwicm90YXRlIjpudWxsLCJqcGVnIjp7InRyZWxsaXNRdWFudGlzYXRpb24iOnRydWUsIm92ZXJzaG9vdERlcmluZ2luZyI6dHJ1ZSwib3B0aW1pc2VTY2FucyI6dHJ1ZSwicXVhbnRpc2F0aW9uVGFibGUiOjN9fX0=,2024-04-03
5557a5e9ed33,The End of the World,AllTrails,0.8,104.0,62,1,21.0,Out & Back,4.3,,Hawaii,Hawaii,19.55081,-155.95903,163,https://www.alltrails.com/trail/us/hawaii/the-end-of-the-world,https://images.alltrails.com/eyJidWNrZXQiOiJhc3NldHMuYWxsdHJhaWxzLmNvbSIsImtleSI6InVwbG9hZHMvcGhvdG8vaW1hZ2UvMzMyMzQ0NTUvNmUxYzE5YzFkMTljNmRlMDg2ZGI5ZjQ2YTI3Mjg4ZGYuanBnIiwiZWRpdHMiOnsidG9Gb3JtYXQiOiJ3ZWJwIiwicmVzaXplIjp7IndpZHRoIjoxMDgwLCJoZWlnaHQiOjcwMCwiZml0IjoiY292ZXIifSwicm90YXRlIjpudWxsLCJqcGVnIjp7InRyZWxsaXNRdWFudGlzYXRpb24iOnRydWUsIm92ZXJzaG9vdERlcmluZ2luZyI6dHJ1ZSwib3B0aW1pc2VTY2FucyI6dHJ1ZSwicXVhbnRpc2F0aW9uVGFibGUiOjN9fX0=,2024-04-03
ac2f00ac1786,Mauna Loa via Observatory Trail and Summit Trail,AllTrails,12.8,2749.0,13677,5,,Out & Back,4.4,Hawai'i Volcanoes National Park,Hawaii,Hawaii,19.53805,-155.5754,244,https://www.alltrails.com/trail/hawaii/hawaii/mauna-loa-via-observatory-trail-and-summit-trail,https://images.alltrails.com/eyJidWNrZXQiOiJhc3NldHMuYWxsdHJhaWxzLmNvbSIsImtleSI6InVwbG9hZHMvcGhvdG8vaW1hZ2UvMjA5NTkxMDUvNzdmZDRiOGVjNWM1ODBlNzBmZmRlMjBmNjNjMWRmM2UuanBnIiwiZWRpdHMiOnsidG9Gb3JtYXQiOiJ3ZWJwIiwicmVzaXplIjp7IndpZHRoIjoxMDgwLCJoZWlnaHQiOjcwMCwiZml0IjoiY292ZXIifSwicm90YXRlIjpudWxsLCJqcGVnIjp7InRyZWxsaXNRdWFudGlzYXRpb24iOnRydWUsIm92ZXJzaG9vdERlcmluZ2luZyI6dHJ1ZSwib3B0aW1pc2VTY2FucyI6dHJ1ZSwicXVhbnRpc2F0aW9uVGFibGUiOjN9fX0=,2024-04-03
a6065c864df9,Kaulana Manu Nature Trail,AllTrails,0.6,44.0,5623,1,13.0,Out & Back,4.7,,Hawaii,Hawaii,19.67064,-155.36665,118,https://www.alltrails.com/trail/hawaii/hawaii/kaulana-manu-nature-trail,https://images.alltrails.com/eyJidWNrZXQiOiJhc3NldHMuYWxsdHJhaWxzLmNvbSIsImtleSI6InVwbG9hZHMvcGhvdG8vaW1hZ2UvMzIwOTE1NjYvOTk0YTFiNTQwODk1NDUxNjZjYzE1YTE1NTFkZTk0M2QuanBnIiwiZWRpdHMiOnsidG9Gb3JtYXQiOiJ3ZWJwIiwicmVzaXplIjp7IndpZHRoIjoxMDgwLCJoZWlnaHQiOjcwMCwiZml0IjoiY292ZXIifSwicm90YXRlIjpudWxsLCJqcGVnIjp7InRyZWxsaXNRdWFudGlzYXRpb24iOnRydWUsIm92ZXJzaG9vdERlcmluZ2luZyI6dHJ1ZSwib3B0aW1pc2VTY2FucyI6dHJ1ZSwicXVhbnRpc2F0aW9uVGFibGUiOjN9fX0=,2024-04-03
ce58406e9aea,Puu Huluhulu Trail,AllTrails,0.5,127.0,6751,3,16.0,Loop,4.4,Mauna Kea State Recreation Area,Hawaii,Hawaii,19.68842,-155.46684,114,https://www.alltrails.com/trail/hawaii/hawaii/puu-huluhulu-trail,https://images.alltrails.com/eyJidWNrZXQiOiJhc3NldHMuYWxsdHJhaWxzLmNvbSIsImtleSI6InVwbG9hZHMvcGhvdG8vaW1hZ2UvMzk2MDQ3NTQvMWFkMWY5MTUzZWQzZDU4MjIwOTNiY2M5NjI1YWM1NjEuanBnIiwiZWRpdHMiOnsidG9Gb3JtYXQiOiJ3ZWJwIiwicmVzaXplIjp7IndpZHRoIjoxMDgwLCJoZWlnaHQiOjcwMCwiZml0IjoiY292ZXIifSwicm90YXRlIjpudWxsLCJqcGVnIjp7InRyZWxsaXNRdWFudGlzYXRpb24iOnRydWUsIm92ZXJzaG9vdERlcmluZ2luZyI6dHJ1ZSwib3B0aW1pc2VTY2FucyI6dHJ1ZSwicXVhbnRpc2F0aW9uVGFibGUiOjN9fX0=,2024-04-03
fe90dfe6cc99,Puu Huluhulu Trail (Saddle Road),AllTrails,1.1,272.0,6751,3,35.0,Loop,4.3,Mauna Kea State Recreation Area,Hawaii,Hawaii,19.68694,-155.46377,110,https://www.alltrails.com/trail/hawaii/hawaii/puu-huluhulu-trail-saddle-road,https://images.alltrails.com/eyJidWNrZXQiOiJhc3NldHMuYWxsdHJhaWxzLmNvbSIsImtleSI6InVwbG9hZHMvcGhvdG8vaW1hZ2UvMzk2MDQ3NDQvMGU2NjViZTJhMjRmOWViM2NiZjQyM2ZhMTc4MGM4ZWUuanBnIiwiZWRpdHMiOnsidG9Gb3JtYXQiOiJ3ZWJwIiwicmVzaXplIjp7IndpZHRoIjoxMDgwLCJoZWlnaHQiOjcwMCwiZml0IjoiY292ZXIifSwicm90YXRlIjpudWxsLCJqcGVnIjp7InRyZWxsaXNRdWFudGlzYXRpb24iOnRydWUsIm92ZXJzaG9vdERlcmluZ2luZyI6dHJ1ZSwib3B0aW1pc2VTY2FucyI6dHJ1ZSwicXVhbnRpc2F0aW9uVGFibGUiOjN9fX0=,2024-04-03
01157145dd40,Kaumana Trail,AllTrails,3.0,403.0,5272,1,77.0,Out & Back,4.1,Upper Waiākea Forest Reserve,Hawaii,Hawaii,19.67248,-155.34595,150,https://www.alltrails.com/trail/hawaii/hawaii/kaumana-trail,https://images.alltrails.com/eyJidWNrZXQiOiJhc3NldHMuYWxsdHJhaWxzLmNvbSIsImtleSI6InVwbG9hZHMvcGhvdG8vaW1hZ2UvNTUxODE2NzMvNGEzNjRhYjdjZjA1ODg5YjBlMTViZDg4NTNkN2E3NjEuanBnIiwiZWRpdHMiOnsidG9Gb3JtYXQiOiJ3ZWJwIiwicmVzaXplIjp7IndpZHRoIjoxMDgwLCJoZWlnaHQiOjcwMCwiZml0IjoiY292ZXIifSwicm90YXRlIjpudWxsLCJqcGVnIjp7InRyZWxsaXNRdWFudGlzYXRpb24iOnRydWUsIm92ZXJzaG9vdERlcmluZ2luZyI6dHJ1ZSwib3B0aW1pc2VTY2FucyI6dHJ1ZSwicXVhbnRpc2F0aW9uVGFibGUiOjN9fX0=,2024-04-03
8a312fcbc090,Emesine Cave,AllTrails,5.6,505.0,5839,3,127.0,Out & Back,4.2,Upper Waiākea Forest Reserve,Hawaii,Hawaii,19.67238,-155.3734,69,https://www.alltrails.com/trail/hawaii/hawaii/emesine-cave,https://images.alltrails.com/eyJidWNrZXQiOiJhc3NldHMuYWxsdHJhaWxzLmNvbSIsImtleSI6InVwbG9hZHMvcGhvdG8vaW1hZ2UvMzgwNDgxMDYvYTEzNjlkNzc3MWY5NjhiODc0MzAyN2I1NGZhYTQ5YjUuanBnIiwiZWRpdHMiOnsidG9Gb3JtYXQiOiJ3ZWJwIiwicmVzaXplIjp7IndpZHRoIjoxMDgwLCJoZWlnaHQiOjcwMCwiZml0IjoiY292ZXIifSwicm90YXRlIjpudWxsLCJqcGVnIjp7InRyZWxsaXNRdWFudGlzYXRpb24iOnRydWUsIm92ZXJzaG9vdERlcmluZ2luZyI6dHJ1ZSwib3B0aW1pc2VTY2FucyI6dHJ1ZSwicXVhbnRpc2F0aW9uVGFibGUiOjN9fX0=,2024-04-03
85620aba160c,Mauna Loa Cabin Trail via Observatory Trail,AllTrails,12.4,2362.0,13284,7,,Out & Back,4.5,Hawai'i Volcanoes National Park,Hawaii,Hawaii,19.53804,-155.57516,62,https://www.alltrails.com/trail/hawaii/hawaii/mauna-loa-cabin-trail-via-observatory-trail,https://images.alltrails.com/eyJidWNrZXQiOiJhc3NldHMuYWxsdHJhaWxzLmNvbSIsImtleSI6InVwbG9hZHMvcGhvdG8vaW1hZ2UvNTU1ODE1MDUvZmM5ODAzNjc2NDA0MjQyNTBkMzQ3NzYxMzYxOTNjYTYuanBnIiwiZWRpdHMiOnsidG9Gb3JtYXQiOiJ3ZWJwIiwicmVzaXplIjp7IndpZHRoIjoxMDgwLCJoZWlnaHQiOjcwMCwiZml0IjoiY292ZXIifSwicm90YXRlIjpudWxsLCJqcGVnIjp7InRyZWxsaXNRdWFudGlzYXRpb24iOnRydWUsIm92ZXJzaG9vdERlcmluZ2luZyI6dHJ1ZSwib3B0aW1pc2VTY2FucyI6dHJ1ZSwicXVhbnRpc2F0aW9uVGFibGUiOjN9fX0=,2024-04-03
018416f8d473,Old Kona Airport Beach Walk,AllTrails,1.0,29.0,16,1,19.0,Out & Back,3.9,Old Kona Airport State Recreation Area,Hawaii,Hawaii,19.64187,-156.00751,63,https://www.alltrails.com/trail/hawaii/hawaii/old-kona-airport-state-recreation-area,https://images.alltrails.com/eyJidWNrZXQiOiJhc3NldHMuYWxsdHJhaWxzLmNvbSIsImtleSI6InVwbG9hZHMvcGhvdG8vaW1hZ2UvMjQ3MTgyMTkvOTAxMzc1YjZhYWEwMjMzMjViYzU1ODBkYTUzNDFiNjUuanBnIiwiZWRpdHMiOnsidG9Gb3JtYXQiOiJ3ZWJwIiwicmVzaXplIjp7IndpZHRoIjoxMDgwLCJoZWlnaHQiOjcwMCwiZml0IjoiY292ZXIifSwicm90YXRlIjpudWxsLCJqcGVnIjp7InRyZWxsaXNRdWFudGlzYXRpb24iOnRydWUsIm92ZXJzaG9vdERlcmluZ2luZyI6dHJ1ZSwib3B0aW1pc2VTY2FucyI6dHJ1ZSwicXVhbnRpc2F0aW9uVGFibGUiOjN9fX0=,2024-04-03
8a5b275d7edc,Pu'u Oo Volcano Trail,AllTrails,15.2,1650.0,6384,5,379.0,Point-to-Point,4.7,Upper Waiākea Forest Reserve,Hawaii,Hawaii,19.67725,-155.38427,36,https://www.alltrails.com/trail/hawaii/hawaii/puu-oo-volcano-trail,https://images.alltrails.com/eyJidWNrZXQiOiJhc3NldHMuYWxsdHJhaWxzLmNvbSIsImtleSI6InVwbG9hZHMvcGhvdG8vaW1hZ2UvNTMxMzg0ODAvOWVjNGJhNmQxNmEzNDUwMzJlM2UzNDA5MDgzNzcxMGUuanBnIiwiZWRpdHMiOnsidG9Gb3JtYXQiOiJ3ZWJwIiwicmVzaXplIjp7IndpZHRoIjoxMDgwLCJoZWlnaHQiOjcwMCwiZml0IjoiY292ZXIifSwicm90YXRlIjpudWxsLCJqcGVnIjp7InRyZWxsaXNRdWFudGlzYXRpb24iOnRydWUsIm92ZXJzaG9vdERlcmluZ2luZyI6dHJ1ZSwib3B0aW1pc2VTY2FucyI6dHJ1ZSwicXVhbnRpc2F0aW9uVGFibGUiOjN9fX0=,2024-04-03
acdd8a91e029,Makuala O'Oma Trail,AllTrails,3.7,659.0,3454,3,105.0,Loop,4.5,Honuaula Forest Reserve,Hawaii,Hawaii,19.7173,-155.94822,2292,https://www.alltrails.com/trail/hawaii/hawaii/makuala-ooma-trail,https://images.alltrails.com/eyJidWNrZXQiOiJhc3NldHMuYWxsdHJhaWxzLmNvbSIsImtleSI6InVwbG9hZHMvcGhvdG8vaW1hZ2UvNDcyMjAxMDAvZmU0NTI4YjM4N2EyZGJhZjgxMmUwNDdkZmExYTQyYTkuanBnIiwiZWRpdHMiOnsidG9Gb3JtYXQiOiJ3ZWJwIiwicmVzaXplIjp7IndpZHRoIjoxMDgwLCJoZWlnaHQiOjcwMCwiZml0IjoiY292ZXIifSwicm90YXRlIjpudWxsLCJqcGVnIjp7InRyZWxsaXNRdWFudGlzYXRpb24iOnRydWUsIm92ZXJzaG9vdERlcmluZ2luZyI6dHJ1ZSwib3B0aW1pc2VTY2FucyI6dHJ1ZSwicXVhbnRpc2F0aW9uVGFibGUiOjN9fX0=,2024-04-03
8028cea5fb9a,Pu’u Wa’awa’a Cinder Cone Trail,AllTrails,6.5,1919.0,3973,3,233.0,Loop,4.6,,Hawaii,Hawaii,19.80154,-155.8396,1412,https://www.alltrails.com/trail/hawaii/hawaii/puu-waa-waa-cinder-cone-trail,https://images.alltrails.com/eyJidWNrZXQiOiJhc3NldHMuYWxsdHJhaWxzLmNvbSIsImtleSI6InVwbG9hZHMvcGhvdG8vaW1hZ2UvMzI3ODg5NjkvNzg5MGNkOGFiMDdlZDMzNjJiYjkwNDQxZTMwNTRmOGEuanBnIiwiZWRpdHMiOnsidG9Gb3JtYXQiOiJ3ZWJwIiwicmVzaXplIjp7IndpZHRoIjoxMDgwLCJoZWlnaHQiOjcwMCwiZml0IjoiY292ZXIifSwicm90YXRlIjpudWxsLCJqcGVnIjp7InRyZWxsaXNRdWFudGlzYXRpb24iOnRydWUsIm92ZXJzaG9vdERlcmluZ2luZyI6dHJ1ZSwib3B0aW1pc2VTY2FucyI6dHJ1ZSwicXVhbnRpc2F0aW9uVGFibGUiOjN9fX0=,2024-04-03
e713d3ae3f0c,Humuʻula Trail to Mauna Kea Summit,AllTrails,13.2,4753.0,13818,5,528.0,Out & Back,4.8,Mauna Kea Ice Age Natural Area Reserve,Hawaii,Hawaii,19.75948,-155.45643,814,https://www.alltrails.com/trail/hawaii/hawaii/mauna-kea-humuula-trail,https://images.alltrails.com/eyJidWNrZXQiOiJhc3NldHMuYWxsdHJhaWxzLmNvbSIsImtleSI6InVwbG9hZHMvcGhvdG8vaW1hZ2UvNTU5MzkwOTIvNDUwNzAwZWEyNDdiMDk1ZWYyMDJiN2E5MjI5YmYwMjAuanBnIiwiZWRpdHMiOnsidG9Gb3JtYXQiOiJ3ZWJwIiwicmVzaXplIjp7IndpZHRoIjoxMDgwLCJoZWlnaHQiOjcwMCwiZml0IjoiY292ZXIifSwicm90YXRlIjpudWxsLCJqcGVnIjp7InRyZWxsaXNRdWFudGlzYXRpb24iOnRydWUsIm92ZXJzaG9vdERlcmluZ2luZyI6dHJ1ZSwib3B0aW1pc2VTY2FucyI6dHJ1ZSwicXVhbnRpc2F0aW9uVGFibGUiOjN9fX0=,2024-04-03
f239b337df5f,Kiholo Bay and Wainanalii Lagoon,AllTrails,5.1,236.0,95,1,102.0,Out & Back,4.4,,Hawaii,Hawaii,19.85147,-155.91352,623,https://www.alltrails.com/trail/hawaii/hawaii/kiholo-bay-and-wainanalii-lagoon,https://images.alltrails.com/eyJidWNrZXQiOiJhc3NldHMuYWxsdHJhaWxzLmNvbSIsImtleSI6InVwbG9hZHMvcGhvdG8vaW1hZ2UvNjQwMDU2MjAvOTQyZTg5OGZhYWU3MmMyOTZkNjZlNGI2MDA5YjE5ODAuanBnIiwiZWRpdHMiOnsidG9Gb3JtYXQiOiJ3ZWJwIiwicmVzaXplIjp7IndpZHRoIjoxMDgwLCJoZWlnaHQiOjcwMCwiZml0IjoiY292ZXIifSwicm90YXRlIjpudWxsLCJqcGVnIjp7InRyZWxsaXNRdWFudGlzYXRpb24iOnRydWUsIm92ZXJzaG9vdERlcmluZ2luZyI6dHJ1ZSwib3B0aW1pc2VTY2FucyI6dHJ1ZSwicXVhbnRpc2F0aW9uVGFibGUiOjN9fX0=,2024-04-03
115dccd02d20,Makalawena Beach,AllTrails,2.6,35.0,32,1,46.0,Out & Back,4.6,Kekaha Kai (Kona Coast) State Park,Hawaii,Hawaii,19.77907,-156.04038,600,https://www.alltrails.com/trail/hawaii/hawaii/makalawena-beach,https://images.alltrails.com/eyJidWNrZXQiOiJhc3NldHMuYWxsdHJhaWxzLmNvbSIsImtleSI6InVwbG9hZHMvcGhvdG8vaW1hZ2UvNTg1OTU5NDIvNTlmZDAzMGUxY2FkOWQ1MzgxMDQyZjFkYzU5NGE2NjcuanBnIiwiZWRpdHMiOnsidG9Gb3JtYXQiOiJ3ZWJwIiwicmVzaXplIjp7IndpZHRoIjoxMDgwLCJoZWlnaHQiOjcwMCwiZml0IjoiY292ZXIifSwicm90YXRlIjpudWxsLCJqcGVnIjp7InRyZWxsaXNRdWFudGlzYXRpb24iOnRydWUsIm92ZXJzaG9vdERlcmluZ2luZyI6dHJ1ZSwib3B0aW1pc2VTY2FucyI6dHJ1ZSwicXVhbnRpc2F0aW9uVGFibGUiOjN9fX0=,2024-04-03
c7135eb32404,Mauna Kea Visitor Center Sunset Hill Trail,AllTrails,1.2,182.0,9340,1,32.0,Out & Back,4.6,Mauna Kea Forest Reserve,Hawaii,Hawaii,19.75923,-155.456,557,https://www.alltrails.com/trail/hawaii/hawaii/mauna-kea-visitor-center-sunset-hill-trail,https://images.alltrails.com/eyJidWNrZXQiOiJhc3NldHMuYWxsdHJhaWxzLmNvbSIsImtleSI6InVwbG9hZHMvcGhvdG8vaW1hZ2UvMjE0NzMyMjgvYzQ2NDA1ZTMyNDRiMjgyYTY4NWZkOTMwNDZjNmM1NDQuanBnIiwiZWRpdHMiOnsidG9Gb3JtYXQiOiJ3ZWJwIiwicmVzaXplIjp7IndpZHRoIjoxMDgwLCJoZWlnaHQiOjcwMCwiZml0IjoiY292ZXIifSwicm90YXRlIjpudWxsLCJqcGVnIjp7InRyZWxsaXNRdWFudGlzYXRpb24iOnRydWUsIm92ZXJzaG9vdERlcmluZ2luZyI6dHJ1ZSwib3B0aW1pc2VTY2FucyI6dHJ1ZSwicXVhbnRpc2F0aW9uVGFibGUiOjN9fX0=,2024-04-03
6f4ae91629db,Rainbow Falls Upper Lookout,AllTrails,0.1,,396,1,2.0,Out & Back,4.3,Wailuku River State Park,Hawaii,Hawaii,19.71877,-155.1086,528,https://www.alltrails.com/trail/hawaii/hawaii/rainbow-falls-upper-lookout,https://images.alltrails.com/eyJidWNrZXQiOiJhc3NldHMuYWxsdHJhaWxzLmNvbSIsImtleSI6InVwbG9hZHMvcGhvdG8vaW1hZ2UvNzIyNzM2ODgvNjM1ZTJjZTJlN2QzZWQ3YTk0MDY4ZjJhMTZlYzY2NTMuanBnIiwiZWRpdHMiOnsidG9Gb3JtYXQiOiJ3ZWJwIiwicmVzaXplIjp7IndpZHRoIjoxMDgwLCJoZWlnaHQiOjcwMCwiZml0IjoiY292ZXIifSwicm90YXRlIjpudWxsLCJqcGVnIjp7InRyZWxsaXNRdWFudGlzYXRpb24iOnRydWUsIm92ZXJzaG9vdERlcmluZ2luZyI6dHJ1ZSwib3B0aW1pc2VTY2FucyI6dHJ1ZSwicXVhbnRpc2F0aW9uVGFibGUiOjN9fX0=,2024-04-03
d1aa32fd5743,Onomea Trail,AllTrails,0.6,85.0,137,1,16.0,Out & Back,4.5,,Hawaii,Hawaii,19.80607,-155.09218,345,https://www.alltrails.com/trail/hawaii/hawaii/onomea-trail,https://images.alltrails.com/eyJidWNrZXQiOiJhc3NldHMuYWxsdHJhaWxzLmNvbSIsImtleSI6InVwbG9hZHMvcGhvdG8vaW1hZ2UvNTQxODQ4ODUvNjMyMGY5ZGU5MjY2NGVkZjViZjFlM2ZlOWM2YzZmZDkuanBnIiwiZWRpdHMiOnsidG9Gb3JtYXQiOiJ3ZWJwIiwicmVzaXplIjp7IndpZHRoIjoxMDgwLCJoZWlnaHQiOjcwMCwiZml0IjoiY292ZXIifSwicm90YXRlIjpudWxsLCJqcGVnIjp7InRyZWxsaXNRdWFudGlzYXRpb24iOnRydWUsIm92ZXJzaG9vdERlcmluZ2luZyI6dHJ1ZSwib3B0aW1pc2VTY2FucyI6dHJ1ZSwicXVhbnRpc2F0aW9uVGFibGUiOjN9fX0=,2024-04-03
10f457dca526,Wai'ale Falls Trail,AllTrails,0.4,65.0,990,3,11.0,Out & Back,4.4,Wailuku River State Park,Hawaii,Hawaii,19.71549,-155.13823,335,https://www.alltrails.com/trail/hawaii/hawaii/waiale-falls-trail,https://images.alltrails.com/eyJidWNrZXQiOiJhc3NldHMuYWxsdHJhaWxzLmNvbSIsImtleSI6InVwbG9hZHMvcGhvdG8vaW1hZ2UvNjA5MzU0NDgvM2YyOGQ3NzJiZTBlZDQ1MGYwNTU4ZTI0NDgxNTY4NTcuanBnIiwiZWRpdHMiOnsidG9Gb3JtYXQiOiJ3ZWJwIiwicmVzaXplIjp7IndpZHRoIjoxMDgwLCJoZWlnaHQiOjcwMCwiZml0IjoiY292ZXIifSwicm90YXRlIjpudWxsLCJqcGVnIjp7InRyZWxsaXNRdWFudGlzYXRpb24iOnRydWUsIm92ZXJzaG9vdERlcmluZ2luZyI6dHJ1ZSwib3B0aW1pc2VTY2FucyI6dHJ1ZSwicXVhbnRpc2F0aW9uVGFibGUiOjN9fX0=,2024-04-03
76ba17f127bb,Kiholo-Huehue Trail ,AllTrails,2.1,71.0,26,1,40.0,Out & Back,4.3,,Hawaii,Hawaii,19.85124,-155.93189,244,https://www.alltrails.com/trail/hawaii/hawaii/kiholo-huehue-trail,https://images.alltrails.com/eyJidWNrZXQiOiJhc3NldHMuYWxsdHJhaWxzLmNvbSIsImtleSI6InVwbG9hZHMvcGhvdG8vaW1hZ2UvNDkzMDU0NjkvYzcyOGEyYjM5MmU0OTRkOThhMDUxYWJjY2ZiOGZhM2UuanBnIiwiZWRpdHMiOnsidG9Gb3JtYXQiOiJ3ZWJwIiwicmVzaXplIjp7IndpZHRoIjoxMDgwLCJoZWlnaHQiOjcwMCwiZml0IjoiY292ZXIifSwicm90YXRlIjpudWxsLCJqcGVnIjp7InRyZWxsaXNRdWFudGlzYXRpb24iOnRydWUsIm92ZXJzaG9vdERlcmluZ2luZyI6dHJ1ZSwib3B0aW1pc2VTY2FucyI6dHJ1ZSwicXVhbnRpc2F0aW9uVGFibGUiOjN9fX0=,2024-04-03
f6c68a2079e2,Kekaha Kai Trail,AllTrails,4.1,118.0,101,3,77.0,Out & Back,4.4,Kekaha Kai (Kona Coast) State Park,Hawaii,Hawaii,19.7699,-156.02376,198,https://www.alltrails.com/trail/hawaii/hawaii/kekaha-kai-trail,https://images.alltrails.com/eyJidWNrZXQiOiJhc3NldHMuYWxsdHJhaWxzLmNvbSIsImtleSI6InVwbG9hZHMvcGhvdG8vaW1hZ2UvNDMxNzQ5MTgvYzc5YjE2YTFhM2M2MmIyMDMwMDY0MTYxZDhmOTBiN2QuanBnIiwiZWRpdHMiOnsidG9Gb3JtYXQiOiJ3ZWJwIiwicmVzaXplIjp7IndpZHRoIjoxMDgwLCJoZWlnaHQiOjcwMCwiZml0IjoiY292ZXIifSwicm90YXRlIjpudWxsLCJqcGVnIjp7InRyZWxsaXNRdWFudGlzYXRpb24iOnRydWUsIm92ZXJzaG9vdERlcmluZ2luZyI6dHJ1ZSwib3B0aW1pc2VTY2FucyI6dHJ1ZSwicXVhbnRpc2F0aW9uVGFibGUiOjN9fX0=,2024-04-03
b2fcdbc1c9f1,"Liliuokalani Botanical Garden, Banyan Drive, and Coconut Island",AllTrails,2.3,236.0,88,1,54.0,Loop,4.3,Liliuokalani Garden,Hawaii,Hawaii,19.72443,-155.06311,201,https://www.alltrails.com/trail/hawaii/hawaii/liliuokalani-botanical-garden-banyan-drive-and-coconut-island,https://images.alltrails.com/eyJidWNrZXQiOiJhc3NldHMuYWxsdHJhaWxzLmNvbSIsImtleSI6InVwbG9hZHMvcGhvdG8vaW1hZ2UvNDEwMDYwNjgvYjI2NjE0MzE2ZWY4NjFmMzZjY2VjOGE3MmRlNzk5ZTMuanBnIiwiZWRpdHMiOnsidG9Gb3JtYXQiOiJ3ZWJwIiwicmVzaXplIjp7IndpZHRoIjoxMDgwLCJoZWlnaHQiOjcwMCwiZml0IjoiY292ZXIifSwicm90YXRlIjpudWxsLCJqcGVnIjp7InRyZWxsaXNRdWFudGlzYXRpb24iOnRydWUsIm92ZXJzaG9vdERlcmluZ2luZyI6dHJ1ZSwib3B0aW1pc2VTY2FucyI6dHJ1ZSwicXVhbnRpc2F0aW9uVGFibGUiOjN9fX0=,2024-04-03
774fc24fd14e,Golden Pools of Keawaiki,AllTrails,2.0,49.0,59,3,37.0,Loop,4.2,,Hawaii,Hawaii,19.88606,-155.89802,188,https://www.alltrails.com/trail/hawaii/hawaii/golden-pools-of-keawaiki,https://images.alltrails.com/eyJidWNrZXQiOiJhc3NldHMuYWxsdHJhaWxzLmNvbSIsImtleSI6InVwbG9hZHMvcGhvdG8vaW1hZ2UvMjkxMzI3MzUvMDgzYTRiZGM1NTc0NzM1M2JmNWRkNGEwNmQ0NzYyNzUuanBnIiwiZWRpdHMiOnsidG9Gb3JtYXQiOiJ3ZWJwIiwicmVzaXplIjp7IndpZHRoIjoxMDgwLCJoZWlnaHQiOjcwMCwiZml0IjoiY292ZXIifSwicm90YXRlIjpudWxsLCJqcGVnIjp7InRyZWxsaXNRdWFudGlzYXRpb24iOnRydWUsIm92ZXJzaG9vdERlcmluZ2luZyI6dHJ1ZSwib3B0aW1pc2VTY2FucyI6dHJ1ZSwicXVhbnRpc2F0aW9uVGFibGUiOjN9fX0=,2024-04-03
494a96dcc3ee,Mahai'ula to Kua Bay ,AllTrails,8.0,714.0,305,3,181.0,Out & Back,4.4,Kekaha Kai (Kona Coast) State Park,Hawaii,Hawaii,19.77909,-156.04032,107,https://www.alltrails.com/trail/hawaii/hawaii/mahaiula-to-kua-bay,https://images.alltrails.com/eyJidWNrZXQiOiJhc3NldHMuYWxsdHJhaWxzLmNvbSIsImtleSI6InVwbG9hZHMvcGhvdG8vaW1hZ2UvNDM5ODI0NzEvNGYzYjg5YzFhYWFiNGFiMzhkYTg2NDhlZjZmNmZlODQuanBnIiwiZWRpdHMiOnsidG9Gb3JtYXQiOiJ3ZWJwIiwicmVzaXplIjp7IndpZHRoIjoxMDgwLCJoZWlnaHQiOjcwMCwiZml0IjoiY292ZXIifSwicm90YXRlIjpudWxsLCJqcGVnIjp7InRyZWxsaXNRdWFudGlzYXRpb24iOnRydWUsIm92ZXJzaG9vdERlcmluZ2luZyI6dHJ1ZSwib3B0aW1pc2VTY2FucyI6dHJ1ZSwicXVhbnRpc2F0aW9uVGFibGUiOjN9fX0=,2024-04-03
ba3caf4ccf94,Lake Waiau via Mauna Kea-Humu'ula Trail,AllTrails,1.4,200.0,13254,3,37.0,Out & Back,4.8,Mauna Kea Ice Age Natural Area Reserve,Hawaii,Hawaii,19.81822,-155.47378,74,https://www.alltrails.com/trail/hawaii/hawaii/lake-waiau-via-mauna-kea-humuula-trail,https://images.alltrails.com/eyJidWNrZXQiOiJhc3NldHMuYWxsdHJhaWxzLmNvbSIsImtleSI6InVwbG9hZHMvcGhvdG8vaW1hZ2UvNDg3MjA3OTYvNTIwZThkNDY0NDE0YmZmYTdmZTQwY2U4ZTMxMzlkYmEuanBnIiwiZWRpdHMiOnsidG9Gb3JtYXQiOiJ3ZWJwIiwicmVzaXplIjp7IndpZHRoIjoxMDgwLCJoZWlnaHQiOjcwMCwiZml0IjoiY292ZXIifSwicm90YXRlIjpudWxsLCJqcGVnIjp7InRyZWxsaXNRdWFudGlzYXRpb24iOnRydWUsIm92ZXJzaG9vdERlcmluZ2luZyI6dHJ1ZSwib3B0aW1pc2VTY2FucyI6dHJ1ZSwicXVhbnRpc2F0aW9uVGFibGUiOjN9fX0=,2024-04-03
9d596ab567d5,Lake Waiau from Mauna Kea Access Road,AllTrails,1.4,390.0,13152,3,,Out & Back,4.7,Mauna Kea Ice Age Natural Area Reserve,Hawaii,Hawaii,19.81015,-155.46796,77,https://www.alltrails.com/trail/hawaii/hawaii/lake-waiau-from-mauna-kea-access-road,https://images.alltrails.com/eyJidWNrZXQiOiJhc3NldHMuYWxsdHJhaWxzLmNvbSIsImtleSI6InVwbG9hZHMvcGhvdG8vaW1hZ2UvMTE1NTk5NzgvM2JkMDc3MjE1NzBkMmE1ODUxYmY2N2JiNTMzOTYyNWQuanBnIiwiZWRpdHMiOnsidG9Gb3JtYXQiOiJ3ZWJwIiwicmVzaXplIjp7IndpZHRoIjoxMDgwLCJoZWlnaHQiOjcwMCwiZml0IjoiY292ZXIifSwicm90YXRlIjpudWxsLCJqcGVnIjp7InRyZWxsaXNRdWFudGlzYXRpb24iOnRydWUsIm92ZXJzaG9vdERlcmluZ2luZyI6dHJ1ZSwib3B0aW1pc2VTY2FucyI6dHJ1ZSwicXVhbnRpc2F0aW9uVGFibGUiOjN9fX0=,2024-04-03
5f1432e74387,Donkey Trail,AllTrails,0.4,134.0,219,3,16.0,Out & Back,4.4,Onomea Bay,Hawaii,Hawaii,19.8107,-155.09521,65,https://www.alltrails.com/trail/hawaii/hawaii/donkey-trail,https://images.alltrails.com/eyJidWNrZXQiOiJhc3NldHMuYWxsdHJhaWxzLmNvbSIsImtleSI6InVwbG9hZHMvcGhvdG8vaW1hZ2UvMzM1NzU3NzkvMDA3MDczZWRhOGM5OTI1ODFjYWMzYWNiMTQ1ZjNkYjYuanBnIiwiZWRpdHMiOnsidG9Gb3JtYXQiOiJ3ZWJwIiwicmVzaXplIjp7IndpZHRoIjoxMDgwLCJoZWlnaHQiOjcwMCwiZml0IjoiY292ZXIifSwicm90YXRlIjpudWxsLCJqcGVnIjp7InRyZWxsaXNRdWFudGlzYXRpb24iOnRydWUsIm92ZXJzaG9vdERlcmluZ2luZyI6dHJ1ZSwib3B0aW1pc2VTY2FucyI6dHJ1ZSwicXVhbnRpc2F0aW9uVGFibGUiOjN9fX0=,2024-04-03
3a9a2eedaf56,Pu’u Ahumoa,AllTrails,6.4,1286.0,6971,3,190.0,Out & Back,4.1,,Hawaii,Hawaii,19.80677,-155.63142,106,https://www.alltrails.com/trail/hawaii/hawaii/puu-ahumoa,https://images.alltrails.com/eyJidWNrZXQiOiJhc3NldHMuYWxsdHJhaWxzLmNvbSIsImtleSI6InVwbG9hZHMvcGhvdG8vaW1hZ2UvMjE3NjQwNjAvMzcwMmI4OWZhMzdmZjE5ZjI5NTFkYmQxZWY1MGEyZjQuanBnIiwiZWRpdHMiOnsidG9Gb3JtYXQiOiJ3ZWJwIiwicmVzaXplIjp7IndpZHRoIjoxMDgwLCJoZWlnaHQiOjcwMCwiZml0IjoiY292ZXIifSwicm90YXRlIjpudWxsLCJqcGVnIjp7InRyZWxsaXNRdWFudGlzYXRpb24iOnRydWUsIm92ZXJzaG9vdERlcmluZ2luZyI6dHJ1ZSwib3B0aW1pc2VTY2FucyI6dHJ1ZSwicXVhbnRpc2F0aW9uVGFibGUiOjN9fX0=,2024-04-03
245c4323934f,Hawaii Highpoint Trail,AllTrails,0.8,228.0,13825,3,29.0,Loop,4.5,Mauna Kea State Recreation Area,Hawaii,Hawaii,19.82209,-155.47065,58,https://www.alltrails.com/trail/hawaii/hawaii/hawaii-highpoint-trail,https://images.alltrails.com/eyJidWNrZXQiOiJhc3NldHMuYWxsdHJhaWxzLmNvbSIsImtleSI6InVwbG9hZHMvcGhvdG8vaW1hZ2UvNjU0ODI3MzQvZmFmMTZlZDViNjgzYWU3MTFjM2I1Y2MyNTcyNTAwYWEuanBnIiwiZWRpdHMiOnsidG9Gb3JtYXQiOiJ3ZWJwIiwicmVzaXplIjp7IndpZHRoIjoxMDgwLCJoZWlnaHQiOjcwMCwiZml0IjoiY292ZXIifSwicm90YXRlIjpudWxsLCJqcGVnIjp7InRyZWxsaXNRdWFudGlzYXRpb24iOnRydWUsIm92ZXJzaG9vdERlcmluZ2luZyI6dHJ1ZSwib3B0aW1pc2VTY2FucyI6dHJ1ZSwicXVhbnRpc2F0aW9uVGFibGUiOjN9fX0=,2024-04-03
69385c61e1f2,Ahinana Enclosure Mauna Kea Silversword Trail,AllTrails,0.2,8.0,9248,3,4.0,Out & Back,4.0,Mauna Kea Forest Reserve,Hawaii,Hawaii,19.75932,-155.45566,55,https://www.alltrails.com/trail/hawaii/hawaii/ahinana-enclosure-mauna-kea-silversword-trail,https://images.alltrails.com/eyJidWNrZXQiOiJhc3NldHMuYWxsdHJhaWxzLmNvbSIsImtleSI6InVwbG9hZHMvcGhvdG8vaW1hZ2UvNDc2MTAxNzAvNWMxMzBlYmZmODgyYzUyZGE0OGI5MWE4M2YzY2I1MjguanBnIiwiZWRpdHMiOnsidG9Gb3JtYXQiOiJ3ZWJwIiwicmVzaXplIjp7IndpZHRoIjoxMDgwLCJoZWlnaHQiOjcwMCwiZml0IjoiY292ZXIifSwicm90YXRlIjpudWxsLCJqcGVnIjp7InRyZWxsaXNRdWFudGlzYXRpb24iOnRydWUsIm92ZXJzaG9vdERlcmluZ2luZyI6dHJ1ZSwib3B0aW1pc2VTY2FucyI6dHJ1ZSwicXVhbnRpc2F0aW9uVGFibGUiOjN9fX0=,2024-04-03
5c46640e3ee8,Queens Pond,AllTrails,2.2,110.0,72,3,44.0,Out & Back,4.1,,Hawaii,Hawaii,19.89363,-155.89455,49,https://www.alltrails.com/trail/hawaii/hawaii/queens-pond,https://images.alltrails.com/eyJidWNrZXQiOiJhc3NldHMuYWxsdHJhaWxzLmNvbSIsImtleSI6InVwbG9hZHMvcGhvdG8vaW1hZ2UvNTQxNjA4OTUvYTc1MDc1NTIxODZmMDJkZTgzNjlmMzA4YTM5N2VmOWYuanBnIiwiZWRpdHMiOnsidG9Gb3JtYXQiOiJ3ZWJwIiwicmVzaXplIjp7IndpZHRoIjoxMDgwLCJoZWlnaHQiOjcwMCwiZml0IjoiY292ZXIifSwicm90YXRlIjpudWxsLCJqcGVnIjp7InRyZWxsaXNRdWFudGlzYXRpb24iOnRydWUsIm92ZXJzaG9vdERlcmluZ2luZyI6dHJ1ZSwib3B0aW1pc2VTY2FucyI6dHJ1ZSwicXVhbnRpc2F0aW9uVGFibGUiOjN9fX0=,2024-04-03
afe2ec75a269,Puialoa Point,AllTrails,2.2,228.0,213,1,52.0,Out & Back,3.9,Kekaha Kai (Kona Coast) State Park,Hawaii,Hawaii,19.7919,-156.00644,27,https://www.alltrails.com/trail/hawaii/hawaii/puialoa-point,https://images.alltrails.com/eyJidWNrZXQiOiJhc3NldHMuYWxsdHJhaWxzLmNvbSIsImtleSI6InVwbG9hZHMvcGhvdG8vaW1hZ2UvNjk2NjI1MTQvNDg2ODFkMGRlYjYwN2Y1YzIwNzBmNDA1NDBkZTNhNTIuanBnIiwiZWRpdHMiOnsidG9Gb3JtYXQiOiJ3ZWJwIiwicmVzaXplIjp7IndpZHRoIjoxMDgwLCJoZWlnaHQiOjcwMCwiZml0IjoiY292ZXIifSwicm90YXRlIjpudWxsLCJqcGVnIjp7InRyZWxsaXNRdWFudGlzYXRpb24iOnRydWUsIm92ZXJzaG9vdERlcmluZ2luZyI6dHJ1ZSwib3B0aW1pc2VTY2FucyI6dHJ1ZSwicXVhbnRpc2F0aW9uVGFibGUiOjN9fX0=,2024-04-03
3b016469b013,Lower Goatman Trail,AllTrails,5.1,143.0,147,3,96.0,Out & Back,3.8,Kekaha Kai (Kona Coast) State Park,Hawaii,Hawaii,19.77883,-156.04028,20,https://www.alltrails.com/trail/hawaii/hawaii/lower-goatman-trail--2,https://images.alltrails.com/eyJidWNrZXQiOiJhc3NldHMuYWxsdHJhaWxzLmNvbSIsImtleSI6InVwbG9hZHMvcGhvdG8vaW1hZ2UvNTY0MTA5MDQvNWU3NjQyNjQ0YzQ0NjdmMGI2YmEyMGU1NjkwOTI4ZWMuanBnIiwiZWRpdHMiOnsidG9Gb3JtYXQiOiJ3ZWJwIiwicmVzaXplIjp7IndpZHRoIjoxMDgwLCJoZWlnaHQiOjcwMCwiZml0IjoiY292ZXIifSwicm90YXRlIjpudWxsLCJqcGVnIjp7InRyZWxsaXNRdWFudGlzYXRpb24iOnRydWUsIm92ZXJzaG9vdERlcmluZ2luZyI6dHJ1ZSwib3B0aW1pc2VTY2FucyI6dHJ1ZSwicXVhbnRpc2F0aW9uVGFibGUiOjN9fX0=,2024-04-03
d8f073df567b,World Botanical Gardens and Umauma Falls,AllTrails,1.7,259.0,557,1,46.0,Loop,3.8,World Botanical Gardens,Hawaii,Hawaii,19.90534,-155.13918,14,https://www.alltrails.com/trail/hawaii/hawaii/world-botanical-gardens-and-umauma-falls,https://images.alltrails.com/eyJidWNrZXQiOiJhc3NldHMuYWxsdHJhaWxzLmNvbSIsImtleSI6InVwbG9hZHMvcGhvdG8vaW1hZ2UvNjY3Mjg3MzAvNTY5OTExZjI2ZDA1M2ZlNzlkOWVlYzNkOTlhZjExYjUuanBnIiwiZWRpdHMiOnsidG9Gb3JtYXQiOiJ3ZWJwIiwicmVzaXplIjp7IndpZHRoIjoxMDgwLCJoZWlnaHQiOjcwMCwiZml0IjoiY292ZXIifSwicm90YXRlIjpudWxsLCJqcGVnIjp7InRyZWxsaXNRdWFudGlzYXRpb24iOnRydWUsIm92ZXJzaG9vdERlcmluZ2luZyI6dHJ1ZSwib3B0aW1pc2VTY2FucyI6dHJ1ZSwicXVhbnRpc2F0aW9uVGFibGUiOjN9fX0=,2024-04-03
57fd3a0960ca,Six Tons Swimming Hole and Tunnel,AllTrails,0.2,59.0,341,3,,Out & Back,4.7,,Hawaii,Hawaii,19.82052,-155.09464,9,https://www.alltrails.com/trail/hawaii/hawaii/six-tons-swimming-hole-and-tunnel,https://images.alltrails.com/eyJidWNrZXQiOiJhc3NldHMuYWxsdHJhaWxzLmNvbSIsImtleSI6InVwbG9hZHMvcGhvdG8vaW1hZ2UvNDUwNTI1MjgvMzA0YjFmNmY4MDU1ZmEzODBjMTZhNTY0YzcwZGQyOGYuanBnIiwiZWRpdHMiOnsidG9Gb3JtYXQiOiJ3ZWJwIiwicmVzaXplIjp7IndpZHRoIjoxMDgwLCJoZWlnaHQiOjcwMCwiZml0IjoiY292ZXIifSwicm90YXRlIjpudWxsLCJqcGVnIjp7InRyZWxsaXNRdWFudGlzYXRpb24iOnRydWUsIm92ZXJzaG9vdERlcmluZ2luZyI6dHJ1ZSwib3B0aW1pc2VTY2FucyI6dHJ1ZSwicXVhbnRpc2F0aW9uVGFibGUiOjN9fX0=,2024-04-03
1709d63b1931,Hilo Cultural Tour ,AllTrails,7.9,528.0,360,3,168.0,Loop,2.9,,Hawaii,Hawaii,19.72386,-155.06371,11,https://www.alltrails.com/trail/hawaii/hawaii/hilo-cultural-tour,https://images.alltrails.com/eyJidWNrZXQiOiJhc3NldHMuYWxsdHJhaWxzLmNvbSIsImtleSI6InVwbG9hZHMvcGhvdG8vaW1hZ2UvNTkzMDU1NDkvZTMzN2VhOWVkYTEwZDU4ZjcwOTdhMWU1NDE1N2VhMGIuanBnIiwiZWRpdHMiOnsidG9Gb3JtYXQiOiJ3ZWJwIiwicmVzaXplIjp7IndpZHRoIjoxMDgwLCJoZWlnaHQiOjcwMCwiZml0IjoiY292ZXIifSwicm90YXRlIjpudWxsLCJqcGVnIjp7InRyZWxsaXNRdWFudGlzYXRpb24iOnRydWUsIm92ZXJzaG9vdERlcmluZ2luZyI6dHJ1ZSwib3B0aW1pc2VTY2FucyI6dHJ1ZSwicXVhbnRpc2F0aW9uVGFibGUiOjN9fX0=,2024-04-03
b4ebcd5aa4b1,Kaluakauka (Doctor's Pit),AllTrails,0.4,104.0,6154,3,14.0,Out & Back,4.9,Hilo Forest Reserve,Hawaii,Hawaii,19.88844,-155.34055,6,https://www.alltrails.com/trail/hawaii/hawaii/kaluakauka-doctors-pit,,2024-04-03
d9dcc0c071dc,Narnia Falls [CLOSED / PRIVATE PROPERTY],AllTrails,3.3,524.0,1279,3,90.0,Out & Back,4.6,Hilo Watershed Forest Reserve,Hawaii,Hawaii,19.71209,-155.13367,299,https://www.alltrails.com/trail/hawaii/hawaii/narnia-falls--3,https://images.alltrails.com/eyJidWNrZXQiOiJhc3NldHMuYWxsdHJhaWxzLmNvbSIsImtleSI6InVwbG9hZHMvcGhvdG8vaW1hZ2UvNDAwMTMyNTIvNWJiOWJmMzAzNTZmNGNkMGRkOTRlNDNhZWY2Zjk5YjcuanBnIiwiZWRpdHMiOnsidG9Gb3JtYXQiOiJ3ZWJwIiwicmVzaXplIjp7IndpZHRoIjoxMDgwLCJoZWlnaHQiOjcwMCwiZml0IjoiY292ZXIifSwicm90YXRlIjpudWxsLCJqcGVnIjp7InRyZWxsaXNRdWFudGlzYXRpb24iOnRydWUsIm92ZXJzaG9vdERlcmluZ2luZyI6dHJ1ZSwib3B0aW1pc2VTY2FucyI6dHJ1ZSwicXVhbnRpc2F0aW9uVGFibGUiOjN9fX0=,2024-04-03
bad31ce505fd,Pu'u Kalepeamoa [PRIVATE PROPERTY],AllTrails,1.4,308.0,7516,3,42.0,Out & Back,2.3,Mauna Kea Forest Reserve,Hawaii,Hawaii,19.71752,-155.44548,9,https://www.alltrails.com/trail/hawaii/hawaii/puu-kalepeamoa,https://images.alltrails.com/eyJidWNrZXQiOiJhc3NldHMuYWxsdHJhaWxzLmNvbSIsImtleSI6InVwbG9hZHMvcGhvdG8vaW1hZ2UvMjIwMjA1MjAvOTk2MzU5NDM1YzQ0NGE5MjVjZDdhOGUzYzdhYjQ2NWYuanBnIiwiZWRpdHMiOnsidG9Gb3JtYXQiOiJ3ZWJwIiwicmVzaXplIjp7IndpZHRoIjoxMDgwLCJoZWlnaHQiOjcwMCwiZml0IjoiY292ZXIifSwicm90YXRlIjpudWxsLCJqcGVnIjp7InRyZWxsaXNRdWFudGlzYXRpb24iOnRydWUsIm92ZXJzaG9vdERlcmluZ2luZyI6dHJ1ZSwib3B0aW1pc2VTY2FucyI6dHJ1ZSwicXVhbnRpc2F0aW9uVGFibGUiOjN9fX0=,2024-04-03
555538cc003e,Puako Petroglyph Archeological District,AllTrails,1.1,87.0,82,1,24.0,Out & Back,4.3,Puako Petroglyph Archeological District,Hawaii,Hawaii,19.95523,-155.85977,558,https://www.alltrails.com/trail/hawaii/hawaii/puako-petroglyph-archeological-district,https://images.alltrails.com/eyJidWNrZXQiOiJhc3NldHMuYWxsdHJhaWxzLmNvbSIsImtleSI6InVwbG9hZHMvcGhvdG8vaW1hZ2UvNjA4OTUwNjUvMzAxMmI0MzQ5OWYzNmZlNjg4MmVmNjQxZTcwY2EwZTUuanBnIiwiZWRpdHMiOnsidG9Gb3JtYXQiOiJ3ZWJwIiwicmVzaXplIjp7IndpZHRoIjoxMDgwLCJoZWlnaHQiOjcwMCwiZml0IjoiY292ZXIifSwicm90YXRlIjpudWxsLCJqcGVnIjp7InRyZWxsaXNRdWFudGlzYXRpb24iOnRydWUsIm92ZXJzaG9vdERlcmluZ2luZyI6dHJ1ZSwib3B0aW1pc2VTY2FucyI6dHJ1ZSwicXVhbnRpc2F0aW9uVGFibGUiOjN9fX0=,2024-04-03
2be595e39f6b,Ala Kahakai National Historic Trail: Hapuna Beach to Mauna Kea Beach,AllTrails,2.2,118.0,59,1,45.0,Out & Back,4.5,Hapuna Beach State Recreation Area,Hawaii,Hawaii,19.99115,-155.82439,436,https://www.alltrails.com/trail/hawaii/hawaii/ala-kahakai-national-historic-trail-hapuna-beach-to-mauna-kea-beach,https://images.alltrails.com/eyJidWNrZXQiOiJhc3NldHMuYWxsdHJhaWxzLmNvbSIsImtleSI6InVwbG9hZHMvcGhvdG8vaW1hZ2UvNjcxMjIyOTQvNTM1MTMxOWVjYTU2NDA5ZjZhMmFhMzhlYWZmOTU5ZWYuanBnIiwiZWRpdHMiOnsidG9Gb3JtYXQiOiJ3ZWJwIiwicmVzaXplIjp7IndpZHRoIjoxMDgwLCJoZWlnaHQiOjcwMCwiZml0IjoiY292ZXIifSwicm90YXRlIjpudWxsLCJqcGVnIjp7InRyZWxsaXNRdWFudGlzYXRpb24iOnRydWUsIm92ZXJzaG9vdERlcmluZ2luZyI6dHJ1ZSwib3B0aW1pc2VTY2FucyI6dHJ1ZSwicXVhbnRpc2F0aW9uVGFibGUiOjN9fX0=,2024-04-03
78850e24dff4,Koai’a Corridor,AllTrails,3.4,1488.0,4694,5,152.0,Out & Back,4.3,Pu’u Eke & Pu’u O Umi Forest Reserve,Hawaii,Hawaii,20.04776,-155.73675,360,https://www.alltrails.com/trail/hawaii/hawaii/koaia-corridor,https://images.alltrails.com/eyJidWNrZXQiOiJhc3NldHMuYWxsdHJhaWxzLmNvbSIsImtleSI6InVwbG9hZHMvcGhvdG8vaW1hZ2UvNTU0MDUxODYvZjUzM2JmMzZkNTJlODJjNmU3YmJjNzI1MTZmNjQ1MjAuanBnIiwiZWRpdHMiOnsidG9Gb3JtYXQiOiJ3ZWJwIiwicmVzaXplIjp7IndpZHRoIjoxMDgwLCJoZWlnaHQiOjcwMCwiZml0IjoiY292ZXIifSwicm90YXRlIjpudWxsLCJqcGVnIjp7InRyZWxsaXNRdWFudGlzYXRpb24iOnRydWUsIm92ZXJzaG9vdERlcmluZ2luZyI6dHJ1ZSwib3B0aW1pc2VTY2FucyI6dHJ1ZSwicXVhbnRpc2F0aW9uVGFibGUiOjN9fX0=,2024-04-03
66083888da3a,Ala Kahakai National Historic Trail: Mauna Kea Beach to Hapuna Beach,AllTrails,2.4,121.0,65,1,49.0,Out & Back,4.6,,Hawaii,Hawaii,20.00536,-155.82299,218,https://www.alltrails.com/trail/hawaii/hawaii/ala-kahakai-national-historic-trail-mauna-kea-beach-to-hapuna-beach,https://images.alltrails.com/eyJidWNrZXQiOiJhc3NldHMuYWxsdHJhaWxzLmNvbSIsImtleSI6InVwbG9hZHMvcGhvdG8vaW1hZ2UvNDM0ODQwNDMvMjY4Y2RhMGJiNzcwM2VkYzBmODc4ZmM3ZTc4YTRlYjQuanBnIiwiZWRpdHMiOnsidG9Gb3JtYXQiOiJ3ZWJwIiwicmVzaXplIjp7IndpZHRoIjoxMDgwLCJoZWlnaHQiOjcwMCwiZml0IjoiY292ZXIifSwicm90YXRlIjpudWxsLCJqcGVnIjp7InRyZWxsaXNRdWFudGlzYXRpb24iOnRydWUsIm92ZXJzaG9vdERlcmluZ2luZyI6dHJ1ZSwib3B0aW1pc2VTY2FucyI6dHJ1ZSwicXVhbnRpc2F0aW9uVGFibGUiOjN9fX0=,2024-04-03
f265b9d15cce,Kalopa Perimeter Horse Trail,AllTrails,3.8,845.0,2687,3,118.0,Loop,4.5,Kalopa State Recreation Area,Hawaii,Hawaii,20.03876,-155.43586,261,https://www.alltrails.com/trail/hawaii/hawaii/kalopa-perimeter-horse-trail,https://images.alltrails.com/eyJidWNrZXQiOiJhc3NldHMuYWxsdHJhaWxzLmNvbSIsImtleSI6InVwbG9hZHMvcGhvdG8vaW1hZ2UvNjQxOTYxOTgvNTkyYjZmMzVjOWZkMDIwYWNkMzhjOTczODdiYTdjMGMuanBnIiwiZWRpdHMiOnsidG9Gb3JtYXQiOiJ3ZWJwIiwicmVzaXplIjp7IndpZHRoIjoxMDgwLCJoZWlnaHQiOjcwMCwiZml0IjoiY292ZXIifSwicm90YXRlIjpudWxsLCJqcGVnIjp7InRyZWxsaXNRdWFudGlzYXRpb24iOnRydWUsIm92ZXJzaG9vdERlcmluZ2luZyI6dHJ1ZSwib3B0aW1pc2VTY2FucyI6dHJ1ZSwicXVhbnRpc2F0aW9uVGFibGUiOjN9fX0=,2024-04-03
5f8a689e530b,Waikoloa Petroglyph Field,AllTrails,0.9,26.0,26,1,17.0,Out & Back,4.1,,Hawaii,Hawaii,19.91541,-155.88163,228,https://www.alltrails.com/trail/hawaii/hawaii/waikoloa-petroglyph-field,https://images.alltrails.com/eyJidWNrZXQiOiJhc3NldHMuYWxsdHJhaWxzLmNvbSIsImtleSI6InVwbG9hZHMvcGhvdG8vaW1hZ2UvMzUxNjc0MzEvMzlhMTYzY2I1NjgxOWViNGQyYWJjZGE2ODVmZTEzNGYuanBnIiwiZWRpdHMiOnsidG9Gb3JtYXQiOiJ3ZWJwIiwicmVzaXplIjp7IndpZHRoIjoxMDgwLCJoZWlnaHQiOjcwMCwiZml0IjoiY292ZXIifSwicm90YXRlIjpudWxsLCJqcGVnIjp7InRyZWxsaXNRdWFudGlzYXRpb24iOnRydWUsIm92ZXJzaG9vdERlcmluZ2luZyI6dHJ1ZSwib3B0aW1pc2VTY2FucyI6dHJ1ZSwicXVhbnRpc2F0aW9uVGFibGUiOjN9fX0=,2024-04-03
ea801634a079,Kalopa Native Forest Trail,AllTrails,0.9,98.0,2214,1,21.0,Loop,4.4,Kalopa State Recreation Area,Hawaii,Hawaii,20.03869,-155.43972,237,https://www.alltrails.com/trail/hawaii/hawaii/kalopa-native-forest-trail,https://images.alltrails.com/eyJidWNrZXQiOiJhc3NldHMuYWxsdHJhaWxzLmNvbSIsImtleSI6InVwbG9hZHMvcGhvdG8vaW1hZ2UvNDE2OTIyNzIvMWViYWNjYWU2ZTZhNmM1YWZlNGY1NjRiYjAwNDQ3OWYuanBnIiwiZWRpdHMiOnsidG9Gb3JtYXQiOiJ3ZWJwIiwicmVzaXplIjp7IndpZHRoIjoxMDgwLCJoZWlnaHQiOjcwMCwiZml0IjoiY292ZXIifSwicm90YXRlIjpudWxsLCJqcGVnIjp7InRyZWxsaXNRdWFudGlzYXRpb24iOnRydWUsIm92ZXJzaG9vdERlcmluZ2luZyI6dHJ1ZSwib3B0aW1pc2VTY2FucyI6dHJ1ZSwicXVhbnRpc2F0aW9uVGFibGUiOjN9fX0=,2024-04-03
7b124b0da4ef,Koai'a Tree Sanctuary Loop,AllTrails,0.7,167.0,3379,3,23.0,Loop,4.0,,Hawaii,Hawaii,20.04803,-155.73689,172,https://www.alltrails.com/trail/us/hawaii/koai-a-tree-sanctuary-loop,https://images.alltrails.com/eyJidWNrZXQiOiJhc3NldHMuYWxsdHJhaWxzLmNvbSIsImtleSI6InVwbG9hZHMvcGhvdG8vaW1hZ2UvMjE1OTkzNTkvZTAwZTZhOTJkMjdkYmY0NTQ4ODk0YzYwOTcwYzgwM2UuanBnIiwiZWRpdHMiOnsidG9Gb3JtYXQiOiJ3ZWJwIiwicmVzaXplIjp7IndpZHRoIjoxMDgwLCJoZWlnaHQiOjcwMCwiZml0IjoiY292ZXIifSwicm90YXRlIjpudWxsLCJqcGVnIjp7InRyZWxsaXNRdWFudGlzYXRpb24iOnRydWUsIm92ZXJzaG9vdERlcmluZ2luZyI6dHJ1ZSwib3B0aW1pc2VTY2FucyI6dHJ1ZSwicXVhbnRpc2F0aW9uVGFibGUiOjN9fX0=,2024-04-03
23494c738735,Waikoloa Fisherman Trail,AllTrails,2.1,78.0,32,3,41.0,Point-to-Point,4.5,,Hawaii,Hawaii,19.92619,-155.88715,152,https://www.alltrails.com/trail/hawaii/hawaii/waikoloa-fisherman-trail,https://images.alltrails.com/eyJidWNrZXQiOiJhc3NldHMuYWxsdHJhaWxzLmNvbSIsImtleSI6InVwbG9hZHMvcGhvdG8vaW1hZ2UvMzM3NTg5ODcvMmE2YTViNjc5OTA3OGIzOTk3Y2VjYTAzMmExZTM1M2MuanBnIiwiZWRpdHMiOnsidG9Gb3JtYXQiOiJ3ZWJwIiwicmVzaXplIjp7IndpZHRoIjoxMDgwLCJoZWlnaHQiOjcwMCwiZml0IjoiY292ZXIifSwicm90YXRlIjpudWxsLCJqcGVnIjp7InRyZWxsaXNRdWFudGlzYXRpb24iOnRydWUsIm92ZXJzaG9vdERlcmluZ2luZyI6dHJ1ZSwib3B0aW1pc2VTY2FucyI6dHJ1ZSwicXVhbnRpc2F0aW9uVGFibGUiOjN9fX0=,2024-04-03
c5c94daac424,Kiholo-Puako Trail,AllTrails,3.5,190.0,91,3,72.0,Out & Back,4.0,Kalahuipua'a Historic Park,Hawaii,Hawaii,19.94204,-155.86414,73,https://www.alltrails.com/trail/hawaii/hawaii/kiholo-puako-trail,https://images.alltrails.com/eyJidWNrZXQiOiJhc3NldHMuYWxsdHJhaWxzLmNvbSIsImtleSI6InVwbG9hZHMvcGhvdG8vaW1hZ2UvNTg4NjA0MjIvZDA4YjU3MzJmODlmZTgxNDY1MTUxNTZjOWUyYzkxZmQuanBnIiwiZWRpdHMiOnsidG9Gb3JtYXQiOiJ3ZWJwIiwicmVzaXplIjp7IndpZHRoIjoxMDgwLCJoZWlnaHQiOjcwMCwiZml0IjoiY292ZXIifSwicm90YXRlIjpudWxsLCJqcGVnIjp7InRyZWxsaXNRdWFudGlzYXRpb24iOnRydWUsIm92ZXJzaG9vdERlcmluZ2luZyI6dHJ1ZSwib3B0aW1pc2VTY2FucyI6dHJ1ZSwicXVhbnRpc2F0aW9uVGFibGUiOjN9fX0=,2024-04-03
2d0a3d7cfb2a,Weliweli via King's Highway Foot Trail,AllTrails,4.8,225.0,95,1,96.0,Out & Back,4.2,,Hawaii,Hawaii,19.91492,-155.88143,72,https://www.alltrails.com/trail/hawaii/hawaii/weliweli-via-kings-highway-foot-trail,https://images.alltrails.com/eyJidWNrZXQiOiJhc3NldHMuYWxsdHJhaWxzLmNvbSIsImtleSI6InVwbG9hZHMvcGhvdG8vaW1hZ2UvNDIzMDEzNDUvMmYyMjIwMDVmZDIyYzQ0YTYzYzVhOWY0ZjI3MjBkNjAuanBnIiwiZWRpdHMiOnsidG9Gb3JtYXQiOiJ3ZWJwIiwicmVzaXplIjp7IndpZHRoIjoxMDgwLCJoZWlnaHQiOjcwMCwiZml0IjoiY292ZXIifSwicm90YXRlIjpudWxsLCJqcGVnIjp7InRyZWxsaXNRdWFudGlzYXRpb24iOnRydWUsIm92ZXJzaG9vdERlcmluZ2luZyI6dHJ1ZSwib3B0aW1pc2VTY2FucyI6dHJ1ZSwicXVhbnRpc2F0aW9uVGFibGUiOjN9fX0=,2024-04-03
4c2e05e998e7,Mo'okini Heiau,AllTrails,4.0,295.0,127,3,86.0,Out & Back,4.1,Kohala Historical Sites State Monument,Hawaii,Hawaii,20.26418,-155.85722,194,https://www.alltrails.com/trail/hawaii/hawaii/mookini-heiau,https://images.alltrails.com/eyJidWNrZXQiOiJhc3NldHMuYWxsdHJhaWxzLmNvbSIsImtleSI6InVwbG9hZHMvcGhvdG8vaW1hZ2UvMzMxOTI4ODIvZjc1NjIzY2E1MGRjZDc4MmFhZTg1YzdlMzI3OThjYzMuanBnIiwiZWRpdHMiOnsidG9Gb3JtYXQiOiJ3ZWJwIiwicmVzaXplIjp7IndpZHRoIjoxMDgwLCJoZWlnaHQiOjcwMCwiZml0IjoiY292ZXIifSwicm90YXRlIjpudWxsLCJqcGVnIjp7InRyZWxsaXNRdWFudGlzYXRpb24iOnRydWUsIm92ZXJzaG9vdERlcmluZ2luZyI6dHJ1ZSwib3B0aW1pc2VTY2FucyI6dHJ1ZSwicXVhbnRpc2F0aW9uVGFibGUiOjN9fX0=,2024-04-03
983d0f3f44bc,Lapakahi State Historical Park Trail,AllTrails,0.8,71.0,104,1,18.0,Loop,4.3,Lapakahi State Historical Park,Hawaii,Hawaii,20.17543,-155.89754,160,https://www.alltrails.com/trail/hawaii/hawaii/lapakahi-state-historical-park-trail,https://images.alltrails.com/eyJidWNrZXQiOiJhc3NldHMuYWxsdHJhaWxzLmNvbSIsImtleSI6InVwbG9hZHMvcGhvdG8vaW1hZ2UvNjIxODQ0MzgvMzE1MzMxMmE3NjY4ZGJhY2FjNzkxNGY5ODdkNTYzMWUuanBnIiwiZWRpdHMiOnsidG9Gb3JtYXQiOiJ3ZWJwIiwicmVzaXplIjp7IndpZHRoIjoxMDgwLCJoZWlnaHQiOjcwMCwiZml0IjoiY292ZXIifSwicm90YXRlIjpudWxsLCJqcGVnIjp7InRyZWxsaXNRdWFudGlzYXRpb24iOnRydWUsIm92ZXJzaG9vdERlcmluZ2luZyI6dHJ1ZSwib3B0aW1pc2VTY2FucyI6dHJ1ZSwicXVhbnRpc2F0aW9uVGFibGUiOjN9fX0=,2024-04-03
f9a4899f943a,Waipio Valley Trail [CLOSED],AllTrails,4.7,1426.0,958,5,171.0,Out & Back,4.6,,Hawaii,Hawaii,20.11763,-155.58372,1224,https://www.alltrails.com/trail/hawaii/hawaii/waipio-valley-trail,https://images.alltrails.com/eyJidWNrZXQiOiJhc3NldHMuYWxsdHJhaWxzLmNvbSIsImtleSI6InVwbG9hZHMvcGhvdG8vaW1hZ2UvMjE5NTQzODYvZjBkMjE5NTU5YjFjMDczYzkxMDBhMzQ0ZThlMTExMGEuanBnIiwiZWRpdHMiOnsidG9Gb3JtYXQiOiJ3ZWJwIiwicmVzaXplIjp7IndpZHRoIjoxMDgwLCJoZWlnaHQiOjcwMCwiZml0IjoiY292ZXIifSwicm90YXRlIjpudWxsLCJqcGVnIjp7InRyZWxsaXNRdWFudGlzYXRpb24iOnRydWUsIm92ZXJzaG9vdERlcmluZ2luZyI6dHJ1ZSwib3B0aW1pc2VTY2FucyI6dHJ1ZSwicXVhbnRpc2F0aW9uVGFibGUiOjN9fX0=,2024-04-03
6172f26523e6,Muliwai and Waimanu Valley Trail [CLOSED],AllTrails,16.0,5274.0,1400,7,,Out & Back,4.7,Waimanu Estuarine Research Reserve,Hawaii,Hawaii,20.11728,-155.58423,287,https://www.alltrails.com/trail/hawaii/hawaii/muliwai-and-waimanu-valley-trail,https://images.alltrails.com/eyJidWNrZXQiOiJhc3NldHMuYWxsdHJhaWxzLmNvbSIsImtleSI6InVwbG9hZHMvcGhvdG8vaW1hZ2UvMzk4OTUyOTQvYTM0MWMyNmFjNWZhNjJmMmY3MTU3OGMyZjIyYTI2MTAuanBnIiwiZWRpdHMiOnsidG9Gb3JtYXQiOiJ3ZWJwIiwicmVzaXplIjp7IndpZHRoIjoxMDgwLCJoZWlnaHQiOjcwMCwiZml0IjoiY292ZXIifSwicm90YXRlIjpudWxsLCJqcGVnIjp7InRyZWxsaXNRdWFudGlzYXRpb24iOnRydWUsIm92ZXJzaG9vdERlcmluZ2luZyI6dHJ1ZSwib3B0aW1pc2VTY2FucyI6dHJ1ZSwicXVhbnRpc2F0aW9uVGFibGUiOjN9fX0=,2024-04-03
d8f70b113e67,Waiilikahi Falls Trail [CLOSED],AllTrails,20.2,6304.0,1404,5,747.0,Out & Back,4.8,Kohala Forest Reserve,Hawaii,Hawaii,20.11763,-155.58368,42,https://www.alltrails.com/trail/hawaii/hawaii/waiilikahi-falls-trail,https://images.alltrails.com/eyJidWNrZXQiOiJhc3NldHMuYWxsdHJhaWxzLmNvbSIsImtleSI6InVwbG9hZHMvcGhvdG8vaW1hZ2UvMzQ3MTkzMzIvMjJlYjBiMmMyODJhNDIzMzAzMWNkZTY3NDA0NDVhZjcuanBnIiwiZWRpdHMiOnsidG9Gb3JtYXQiOiJ3ZWJwIiwicmVzaXplIjp7IndpZHRoIjoxMDgwLCJoZWlnaHQiOjcwMCwiZml0IjoiY292ZXIifSwicm90YXRlIjpudWxsLCJqcGVnIjp7InRyZWxsaXNRdWFudGlzYXRpb24iOnRydWUsIm92ZXJzaG9vdERlcmluZ2luZyI6dHJ1ZSwib3B0aW1pc2VTY2FucyI6dHJ1ZSwicXVhbnRpc2F0aW9uVGFibGUiOjN9fX0=,2024-04-03
f034c0531064,Mohihi-Waialae Trail,AllTrails,6.7,1495.0,4179,3,210.0,Out & Back,4.5,Koke'e State Park,Hawaii,Hawaii,22.11718,-159.60174,3,https://www.alltrails.com/trail/hawaii/hawaii/mohihi-waialae-trail,https://images.alltrails.com/eyJidWNrZXQiOiJhc3NldHMuYWxsdHJhaWxzLmNvbSIsImtleSI6InVwbG9hZHMvcGhvdG8vaW1hZ2UvNTI1Njk0MjcvNWNlYTM2N2MyMDIyZTUzYjllY2Q1ZTcwOWEyNGViMzQuanBnIiwiZWRpdHMiOnsidG9Gb3JtYXQiOiJ3ZWJwIiwicmVzaXplIjp7IndpZHRoIjoxMDgwLCJoZWlnaHQiOjcwMCwiZml0IjoiY292ZXIifSwicm90YXRlIjpudWxsLCJqcGVnIjp7InRyZWxsaXNRdWFudGlzYXRpb24iOnRydWUsIm92ZXJzaG9vdERlcmluZ2luZyI6dHJ1ZSwib3B0aW1pc2VTY2FucyI6dHJ1ZSwicXVhbnRpc2F0aW9uVGFibGUiOjN9fX0=,2024-04-03
